Symbol,Index
ADANIENT,NIFTY 50
ADANIPORTS,NIFTY 50
APOLLOHOSP,NIFTY 50
ASIANPAINT,NIFTY 50
AXISBANK,NIFTY 50
BAJAJ-AUTO,NIFTY 50
BAJFINANCE,NIFTY 50
BAJAJFINSV,NIFTY 50
BEL,NIFTY 50
BHARTIARTL,NIFTY 50
CIPLA,NIFTY 50
COALINDIA,NIFTY 50
DRREDDY,NIFTY 50
DUMMYHDLVR,NIFTY 50
EICHERMOT,NIFTY 50
ETERNAL,NIFTY 50
GRASIM,NIFTY 50
HCLTECH,NIFTY 50
HDFCBANK,NIFTY 50
HDFCLIFE,NIFTY 50
HINDALCO,NIFTY 50
HINDUNILVR,NIFTY 50
ICICIBANK,NIFTY 50
ITC,NIFTY 50
INFY,NIFTY 50
INDIGO,NIFTY 50
JSWSTEEL,NIFTY 50
JIOFIN,NIFTY 50
KOTAKBANK,NIFTY 50
LT,NIFTY 50
M&M,NIFTY 50
MARUTI,NIFTY 50
MAXHEALTH,NIFTY 50
NTPC,NIFTY 50
NESTLEIND,NIFTY 50
ONGC,NIFTY 50
POWERGRID,NIFTY 50
RELIANCE,NIFTY 50
SBILIFE,NIFTY 50
SHRIRAMFIN,NIFTY 50
SBIN,NIFTY 50
SUNPHARMA,NIFTY 50
TCS,NIFTY 50
TATACONSUM,NIFTY 50
TMPV,NIFTY 50
TATASTEEL,NIFTY 50
TECHM,NIFTY 50
TITAN,NIFTY 50
TRENT,NIFTY 50
ULTRACEMCO,NIFTY 50
WIPRO,NIFTY 50
ABB,NIFTY NEXT 50
ADANIENSOL,NIFTY NEXT 50
ADANIGREEN,NIFTY NEXT 50
ADANIPOWER,NIFTY NEXT 50
AMBUJACEM,NIFTY NEXT 50
DMART,NIFTY NEXT 50
BAJAJHLDNG,NIFTY NEXT 50
BAJAJHFL,NIFTY NEXT 50
BANKBARODA,NIFTY NEXT 50
BPCL,NIFTY NEXT 50
BOSCHLTD,NIFTY NEXT 50
BRITANNIA,NIFTY NEXT 50
CGPOWER,NIFTY NEXT 50
CANBK,NIFTY NEXT 50
CHOLAFIN,NIFTY NEXT 50
DLF,NIFTY NEXT 50
DIVISLAB,NIFTY NEXT 50
GAIL,NIFTY NEXT 50
GODREJCP,NIFTY NEXT 50
HAVELLS,NIFTY NEXT 50
HAL,NIFTY NEXT 50
HINDZINC,NIFTY NEXT 50
HYUNDAI,NIFTY NEXT 50
ICICIGI,NIFTY NEXT 50
INDHOTEL,NIFTY NEXT 50
IOC,NIFTY NEXT 50
IRFC,NIFTY NEXT 50
NAUKRI,NIFTY NEXT 50
JSWENERGY,NIFTY NEXT 50
JINDALSTEL,NIFTY NEXT 50
LTIM,NIFTY NEXT 50
LICI,NIFTY NEXT 50
LODHA,NIFTY NEXT 50
MAZDOCK,NIFTY NEXT 50
PIDILITIND,NIFTY NEXT 50
PFC,NIFTY NEXT 50
PNB,NIFTY NEXT 50
RECLTD,NIFTY NEXT 50
MOTHERSON,NIFTY NEXT 50
SHREECEM,NIFTY NEXT 50
ENRIN,NIFTY NEXT 50
SIEMENS,NIFTY NEXT 50
SOLARINDS,NIFTY NEXT 50
TVSMOTOR,NIFTY NEXT 50
TATAPOWER,NIFTY NEXT 50
TORNTPHARM,NIFTY NEXT 50
UNITDSPR,NIFTY NEXT 50
VBL,NIFTY NEXT 50
VEDL,NIFTY NEXT 50
ZYDUSLIFE,NIFTY NEXT 50
ABB,NIFTY 100
ADANIENSOL,NIFTY 100
ADANIENT,NIFTY 100
ADANIGREEN,NIFTY 100
ADANIPORTS,NIFTY 100
ADANIPOWER,NIFTY 100
AMBUJACEM,NIFTY 100
APOLLOHOSP,NIFTY 100
ASIANPAINT,NIFTY 100
DMART,NIFTY 100
AXISBANK,NIFTY 100
BAJAJ-AUTO,NIFTY 100
BAJFINANCE,NIFTY 100
BAJAJFINSV,NIFTY 100
BAJAJHLDNG,NIFTY 100
BAJAJHFL,NIFTY 100
BANKBARODA,NIFTY 100
BEL,NIFTY 100
BPCL,NIFTY 100
BHARTIARTL,NIFTY 100
BOSCHLTD,NIFTY 100
BRITANNIA,NIFTY 100
CGPOWER,NIFTY 100
CANBK,NIFTY 100
CHOLAFIN,NIFTY 100
CIPLA,NIFTY 100
COALINDIA,NIFTY 100
DLF,NIFTY 100
DIVISLAB,NIFTY 100
DRREDDY,NIFTY 100
DUMMYHDLVR,NIFTY 100
EICHERMOT,NIFTY 100
ETERNAL,NIFTY 100
GAIL,NIFTY 100
GODREJCP,NIFTY 100
GRASIM,NIFTY 100
HCLTECH,NIFTY 100
HDFCBANK,NIFTY 100
HDFCLIFE,NIFTY 100
HAVELLS,NIFTY 100
HINDALCO,NIFTY 100
HAL,NIFTY 100
HINDUNILVR,NIFTY 100
HINDZINC,NIFTY 100
HYUNDAI,NIFTY 100
ICICIBANK,NIFTY 100
ICICIGI,NIFTY 100
ITC,NIFTY 100
INDHOTEL,NIFTY 100
IOC,NIFTY 100
IRFC,NIFTY 100
NAUKRI,NIFTY 100
INFY,NIFTY 100
INDIGO,NIFTY 100
JSWENERGY,NIFTY 100
JSWSTEEL,NIFTY 100
JINDALSTEL,NIFTY 100
JIOFIN,NIFTY 100
KOTAKBANK,NIFTY 100
LTIM,NIFTY 100
LT,NIFTY 100
LICI,NIFTY 100
LODHA,NIFTY 100
M&M,NIFTY 100
MARUTI,NIFTY 100
MAXHEALTH,NIFTY 100
MAZDOCK,NIFTY 100
NTPC,NIFTY 100
NESTLEIND,NIFTY 100
ONGC,NIFTY 100
PIDILITIND,NIFTY 100
PFC,NIFTY 100
POWERGRID,NIFTY 100
PNB,NIFTY 100
RECLTD,NIFTY 100
RELIANCE,NIFTY 100
SBILIFE,NIFTY 100
MOTHERSON,NIFTY 100
SHREECEM,NIFTY 100
SHRIRAMFIN,NIFTY 100
ENRIN,NIFTY 100
SIEMENS,NIFTY 100
SOLARINDS,NIFTY 100
SBIN,NIFTY 100
SUNPHARMA,NIFTY 100
TVSMOTOR,NIFTY 100
TCS,NIFTY 100
TATACONSUM,NIFTY 100
TMPV,NIFTY 100
TATAPOWER,NIFTY 100
TATASTEEL,NIFTY 100
TECHM,NIFTY 100
TITAN,NIFTY 100
TORNTPHARM,NIFTY 100
TRENT,NIFTY 100
ULTRACEMCO,NIFTY 100
UNITDSPR,NIFTY 100
VBL,NIFTY 100
VEDL,NIFTY 100
WIPRO,NIFTY 100
ZYDUSLIFE,NIFTY 100
360ONE,NIFTY 200
ABB,NIFTY 200
ACC,NIFTY 200
APLAPOLLO,NIFTY 200
AUBANK,NIFTY 200
ADANIENSOL,NIFTY 200
ADANIENT,NIFTY 200
ADANIGREEN,NIFTY 200
ADANIPORTS,NIFTY 200
ADANIPOWER,NIFTY 200
ATGL,NIFTY 200
ABCAPITAL,NIFTY 200
ALKEM,NIFTY 200
AMBUJACEM,NIFTY 200
APOLLOHOSP,NIFTY 200
ASHOKLEY,NIFTY 200
ASIANPAINT,NIFTY 200
ASTRAL,NIFTY 200
AUROPHARMA,NIFTY 200
DMART,NIFTY 200
AXISBANK,NIFTY 200
BSE,NIFTY 200
BAJAJ-AUTO,NIFTY 200
BAJFINANCE,NIFTY 200
BAJAJFINSV,NIFTY 200
BAJAJHLDNG,NIFTY 200
BAJAJHFL,NIFTY 200
BANKBARODA,NIFTY 200
BANKINDIA,NIFTY 200
BDL,NIFTY 200
BEL,NIFTY 200
BHARATFORG,NIFTY 200
BHEL,NIFTY 200
BPCL,NIFTY 200
BHARTIARTL,NIFTY 200
BHARTIHEXA,NIFTY 200
BIOCON,NIFTY 200
BLUESTARCO,NIFTY 200
BOSCHLTD,NIFTY 200
BRITANNIA,NIFTY 200
CGPOWER,NIFTY 200
CANBK,NIFTY 200
CHOLAFIN,NIFTY 200
CIPLA,NIFTY 200
COALINDIA,NIFTY 200
COCHINSHIP,NIFTY 200
COFORGE,NIFTY 200
COLPAL,NIFTY 200
CONCOR,NIFTY 200
COROMANDEL,NIFTY 200
CUMMINSIND,NIFTY 200
DLF,NIFTY 200
DABUR,NIFTY 200
DIVISLAB,NIFTY 200
DIXON,NIFTY 200
DRREDDY,NIFTY 200
DUMMYHDLVR,NIFTY 200
EICHERMOT,NIFTY 200
ETERNAL,NIFTY 200
EXIDEIND,NIFTY 200
NYKAA,NIFTY 200
FEDERALBNK,NIFTY 200
FORTIS,NIFTY 200
GAIL,NIFTY 200
GMRAIRPORT,NIFTY 200
GLENMARK,NIFTY 200
GODFRYPHLP,NIFTY 200
GODREJCP,NIFTY 200
GODREJPROP,NIFTY 200
GRASIM,NIFTY 200
HCLTECH,NIFTY 200
HDFCAMC,NIFTY 200
HDFCBANK,NIFTY 200
HDFCLIFE,NIFTY 200
HAVELLS,NIFTY 200
HEROMOTOCO,NIFTY 200
HINDALCO,NIFTY 200
HAL,NIFTY 200
HINDPETRO,NIFTY 200
HINDUNILVR,NIFTY 200
HINDZINC,NIFTY 200
POWERINDIA,NIFTY 200
HUDCO,NIFTY 200
HYUNDAI,NIFTY 200
ICICIBANK,NIFTY 200
ICICIGI,NIFTY 200
IDFCFIRSTB,NIFTY 200
IRB,NIFTY 200
ITCHOTELS,NIFTY 200
ITC,NIFTY 200
INDIANB,NIFTY 200
INDHOTEL,NIFTY 200
IOC,NIFTY 200
IRCTC,NIFTY 200
IRFC,NIFTY 200
IREDA,NIFTY 200
IGL,NIFTY 200
INDUSTOWER,NIFTY 200
INDUSINDBK,NIFTY 200
NAUKRI,NIFTY 200
INFY,NIFTY 200
INDIGO,NIFTY 200
JSWENERGY,NIFTY 200
JSWSTEEL,NIFTY 200
JINDALSTEL,NIFTY 200
JIOFIN,NIFTY 200
JUBLFOOD,NIFTY 200
KEI,NIFTY 200
KPITTECH,NIFTY 200
KALYANKJIL,NIFTY 200
KOTAKBANK,NIFTY 200
LTF,NIFTY 200
LICHSGFIN,NIFTY 200
LTIM,NIFTY 200
LT,NIFTY 200
LICI,NIFTY 200
LODHA,NIFTY 200
LUPIN,NIFTY 200
MRF,NIFTY 200
M&MFIN,NIFTY 200
M&M,NIFTY 200
MANKIND,NIFTY 200
MARICO,NIFTY 200
MARUTI,NIFTY 200
MFSL,NIFTY 200
MAXHEALTH,NIFTY 200
MAZDOCK,NIFTY 200
MOTILALOFS,NIFTY 200
MPHASIS,NIFTY 200
MUTHOOTFIN,NIFTY 200
NHPC,NIFTY 200
NMDC,NIFTY 200
NTPCGREEN,NIFTY 200
NTPC,NIFTY 200
NATIONALUM,NIFTY 200
NESTLEIND,NIFTY 200
OBEROIRLTY,NIFTY 200
ONGC,NIFTY 200
OIL,NIFTY 200
PAYTM,NIFTY 200
OFSS,NIFTY 200
POLICYBZR,NIFTY 200
PIIND,NIFTY 200
PAGEIND,NIFTY 200
PATANJALI,NIFTY 200
PERSISTENT,NIFTY 200
PHOENIXLTD,NIFTY 200
PIDILITIND,NIFTY 200
POLYCAB,NIFTY 200
PFC,NIFTY 200
POWERGRID,NIFTY 200
PREMIERENE,NIFTY 200
PRESTIGE,NIFTY 200
PNB,NIFTY 200
RECLTD,NIFTY 200
RVNL,NIFTY 200
RELIANCE,NIFTY 200
SBICARD,NIFTY 200
SBILIFE,NIFTY 200
SRF,NIFTY 200
MOTHERSON,NIFTY 200
SHREECEM,NIFTY 200
SHRIRAMFIN,NIFTY 200
ENRIN,NIFTY 200
SIEMENS,NIFTY 200
SOLARINDS,NIFTY 200
SONACOMS,NIFTY 200
SBIN,NIFTY 200
SAIL,NIFTY 200
SUNPHARMA,NIFTY 200
SUPREMEIND,NIFTY 200
SUZLON,NIFTY 200
SWIGGY,NIFTY 200
TVSMOTOR,NIFTY 200
TATACOMM,NIFTY 200
TCS,NIFTY 200
TATACONSUM,NIFTY 200
TATAELXSI,NIFTY 200
TMPV,NIFTY 200
TATAPOWER,NIFTY 200
TATASTEEL,NIFTY 200
TATATECH,NIFTY 200
TECHM,NIFTY 200
TITAN,NIFTY 200
TORNTPHARM,NIFTY 200
TORNTPOWER,NIFTY 200
TRENT,NIFTY 200
TIINDIA,NIFTY 200
UPL,NIFTY 200
ULTRACEMCO,NIFTY 200
UNIONBANK,NIFTY 200
UNITDSPR,NIFTY 200
VBL,NIFTY 200
VEDL,NIFTY 200
VMM,NIFTY 200
IDEA,NIFTY 200
VOLTAS,NIFTY 200
WAAREEENER,NIFTY 200
WIPRO,NIFTY 200
YESBANK,NIFTY 200
ZYDUSLIFE,NIFTY 200
360ONE,NIFTY 500
3MINDIA,NIFTY 500
ABB,NIFTY 500
ACC,NIFTY 500
ACMESOLAR,NIFTY 500
AIAENG,NIFTY 500
APLAPOLLO,NIFTY 500
AUBANK,NIFTY 500
AWL,NIFTY 500
AADHARHFC,NIFTY 500
AARTIIND,NIFTY 500
AAVAS,NIFTY 500
ABBOTINDIA,NIFTY 500
ACE,NIFTY 500
ADANIENSOL,NIFTY 500
ADANIENT,NIFTY 500
ADANIGREEN,NIFTY 500
ADANIPORTS,NIFTY 500
ADANIPOWER,NIFTY 500
ATGL,NIFTY 500
ABCAPITAL,NIFTY 500
ABFRL,NIFTY 500
ABLBL,NIFTY 500
ABREL,NIFTY 500
ABSLAMC,NIFTY 500
AEGISLOG,NIFTY 500
AEGISVOPAK,NIFTY 500
AFCONS,NIFTY 500
AFFLE,NIFTY 500
AJANTPHARM,NIFTY 500
AKUMS,NIFTY 500
AKZOINDIA,NIFTY 500
APLLTD,NIFTY 500
ALKEM,NIFTY 500
ALKYLAMINE,NIFTY 500
ALOKINDS,NIFTY 500
ARE&M,NIFTY 500
AMBER,NIFTY 500
AMBUJACEM,NIFTY 500
ANANDRATHI,NIFTY 500
ANANTRAJ,NIFTY 500
ANGELONE,NIFTY 500
APARINDS,NIFTY 500
APOLLOHOSP,NIFTY 500
APOLLOTYRE,NIFTY 500
APTUS,NIFTY 500
ASAHIINDIA,NIFTY 500
ASHOKLEY,NIFTY 500
ASIANPAINT,NIFTY 500
ASTERDM,NIFTY 500
ASTRAZEN,NIFTY 500
ASTRAL,NIFTY 500
ATHERENERG,NIFTY 500
ATUL,NIFTY 500
AUROPHARMA,NIFTY 500
AIIL,NIFTY 500
DMART,NIFTY 500
AXISBANK,NIFTY 500
BASF,NIFTY 500
BEML,NIFTY 500
BLS,NIFTY 500
BSE,NIFTY 500
BAJAJ-AUTO,NIFTY 500
BAJFINANCE,NIFTY 500
BAJAJFINSV,NIFTY 500
BAJAJHLDNG,NIFTY 500
BAJAJHFL,NIFTY 500
BALKRISIND,NIFTY 500
BALRAMCHIN,NIFTY 500
BANDHANBNK,NIFTY 500
BANKBARODA,NIFTY 500
BANKINDIA,NIFTY 500
MAHABANK,NIFTY 500
BATAINDIA,NIFTY 500
BAYERCROP,NIFTY 500
BERGEPAINT,NIFTY 500
BDL,NIFTY 500
BEL,NIFTY 500
BHARATFORG,NIFTY 500
BHEL,NIFTY 500
BPCL,NIFTY 500
BHARTIARTL,NIFTY 500
BHARTIHEXA,NIFTY 500
BIKAJI,NIFTY 500
BIOCON,NIFTY 500
BSOFT,NIFTY 500
BLUEDART,NIFTY 500
BLUEJET,NIFTY 500
BLUESTARCO,NIFTY 500
BBTC,NIFTY 500
BOSCHLTD,NIFTY 500
FIRSTCRY,NIFTY 500
BRIGADE,NIFTY 500
BRITANNIA,NIFTY 500
MAPMYINDIA,NIFTY 500
CCL,NIFTY 500
CESC,NIFTY 500
CGPOWER,NIFTY 500
CRISIL,NIFTY 500
CAMPUS,NIFTY 500
CANFINHOME,NIFTY 500
CANBK,NIFTY 500
CAPLIPOINT,NIFTY 500
CGCL,NIFTY 500
CARBORUNIV,NIFTY 500
CASTROLIND,NIFTY 500
CEATLTD,NIFTY 500
CENTRALBK,NIFTY 500
CDSL,NIFTY 500
CENTURYPLY,NIFTY 500
CERA,NIFTY 500
CHALET,NIFTY 500
CHAMBLFERT,NIFTY 500
CHENNPETRO,NIFTY 500
CHOICEIN,NIFTY 500
CHOLAHLDNG,NIFTY 500
CHOLAFIN,NIFTY 500
CIPLA,NIFTY 500
CUB,NIFTY 500
CLEAN,NIFTY 500
COALINDIA,NIFTY 500
COCHINSHIP,NIFTY 500
COFORGE,NIFTY 500
COHANCE,NIFTY 500
COLPAL,NIFTY 500
CAMS,NIFTY 500
CONCORDBIO,NIFTY 500
CONCOR,NIFTY 500
COROMANDEL,NIFTY 500
CRAFTSMAN,NIFTY 500
CREDITACC,NIFTY 500
CROMPTON,NIFTY 500
CUMMINSIND,NIFTY 500
CYIENT,NIFTY 500
DCMSHRIRAM,NIFTY 500
DLF,NIFTY 500
DOMS,NIFTY 500
DABUR,NIFTY 500
DALBHARAT,NIFTY 500
DATAPATTNS,NIFTY 500
DEEPAKFERT,NIFTY 500
DEEPAKNTR,NIFTY 500
DELHIVERY,NIFTY 500
DEVYANI,NIFTY 500
DIVISLAB,NIFTY 500
DIXON,NIFTY 500
AGARWALEYE,NIFTY 500
LALPATHLAB,NIFTY 500
DRREDDY,NIFTY 500
DUMMYHDLVR,NIFTY 500
EIDPARRY,NIFTY 500
EIHOTEL,NIFTY 500
EICHERMOT,NIFTY 500
ELECON,NIFTY 500
ELGIEQUIP,NIFTY 500
EMAMILTD,NIFTY 500
EMCURE,NIFTY 500
ENDURANCE,NIFTY 500
ENGINERSIN,NIFTY 500
ERIS,NIFTY 500
ESCORTS,NIFTY 500
ETERNAL,NIFTY 500
EXIDEIND,NIFTY 500
NYKAA,NIFTY 500
FEDERALBNK,NIFTY 500
FACT,NIFTY 500
FINCABLES,NIFTY 500
FINPIPE,NIFTY 500
FSL,NIFTY 500
FIVESTAR,NIFTY 500
FORCEMOT,NIFTY 500
FORTIS,NIFTY 500
GAIL,NIFTY 500
GVT&D,NIFTY 500
GMRAIRPORT,NIFTY 500
GRSE,NIFTY 500
GICRE,NIFTY 500
GILLETTE,NIFTY 500
GLAND,NIFTY 500
GLAXO,NIFTY 500
GLENMARK,NIFTY 500
MEDANTA,NIFTY 500
GODIGIT,NIFTY 500
GPIL,NIFTY 500
GODFRYPHLP,NIFTY 500
GODREJAGRO,NIFTY 500
GODREJCP,NIFTY 500
GODREJIND,NIFTY 500
GODREJPROP,NIFTY 500
GRANULES,NIFTY 500
GRAPHITE,NIFTY 500
GRASIM,NIFTY 500
GRAVITA,NIFTY 500
GESHIP,NIFTY 500
FLUOROCHEM,NIFTY 500
GUJGASLTD,NIFTY 500
GMDCLTD,NIFTY 500
GSPL,NIFTY 500
HEG,NIFTY 500
HBLENGINE,NIFTY 500
HCLTECH,NIFTY 500
HDFCAMC,NIFTY 500
HDFCBANK,NIFTY 500
HDFCLIFE,NIFTY 500
HFCL,NIFTY 500
HAPPSTMNDS,NIFTY 500
HAVELLS,NIFTY 500
HEROMOTOCO,NIFTY 500
HEXT,NIFTY 500
HSCL,NIFTY 500
HINDALCO,NIFTY 500
HAL,NIFTY 500
HINDCOPPER,NIFTY 500
HINDPETRO,NIFTY 500
HINDUNILVR,NIFTY 500
HINDZINC,NIFTY 500
POWERINDIA,NIFTY 500
HOMEFIRST,NIFTY 500
HONASA,NIFTY 500
HONAUT,NIFTY 500
HUDCO,NIFTY 500
HYUNDAI,NIFTY 500
ICICIBANK,NIFTY 500
ICICIGI,NIFTY 500
ICICIPRULI,NIFTY 500
IDBI,NIFTY 500
IDFCFIRSTB,NIFTY 500
IFCI,NIFTY 500
IIFL,NIFTY 500
INOXINDIA,NIFTY 500
IRB,NIFTY 500
IRCON,NIFTY 500
ITCHOTELS,NIFTY 500
ITC,NIFTY 500
ITI,NIFTY 500
INDGN,NIFTY 500
INDIACEM,NIFTY 500
INDIAMART,NIFTY 500
INDIANB,NIFTY 500
IEX,NIFTY 500
INDHOTEL,NIFTY 500
IOC,NIFTY 500
IOB,NIFTY 500
IRCTC,NIFTY 500
IRFC,NIFTY 500
IREDA,NIFTY 500
IGL,NIFTY 500
INDUSTOWER,NIFTY 500
INDUSINDBK,NIFTY 500
NAUKRI,NIFTY 500
INFY,NIFTY 500
INOXWIND,NIFTY 500
INTELLECT,NIFTY 500
INDIGO,NIFTY 500
IGIL,NIFTY 500
IKS,NIFTY 500
IPCALAB,NIFTY 500
JBCHEPHARM,NIFTY 500
JKCEMENT,NIFTY 500
JBMA,NIFTY 500
JKTYRE,NIFTY 500
JMFINANCIL,NIFTY 500
JSWENERGY,NIFTY 500
JSWINFRA,NIFTY 500
JSWSTEEL,NIFTY 500
JPPOWER,NIFTY 500
J&KBANK,NIFTY 500
JINDALSAW,NIFTY 500
JSL,NIFTY 500
JINDALSTEL,NIFTY 500
JIOFIN,NIFTY 500
JUBLFOOD,NIFTY 500
JUBLINGREA,NIFTY 500
JUBLPHARMA,NIFTY 500
JWL,NIFTY 500
JYOTHYLAB,NIFTY 500
JYOTICNC,NIFTY 500
KPRMILL,NIFTY 500
KEI,NIFTY 500
KPITTECH,NIFTY 500
KSB,NIFTY 500
KAJARIACER,NIFTY 500
KPIL,NIFTY 500
KALYANKJIL,NIFTY 500
KARURVYSYA,NIFTY 500
KAYNES,NIFTY 500
KEC,NIFTY 500
KFINTECH,NIFTY 500
KIRLOSBROS,NIFTY 500
KIRLOSENG,NIFTY 500
KOTAKBANK,NIFTY 500
KIMS,NIFTY 500
LTF,NIFTY 500
LTTS,NIFTY 500
LICHSGFIN,NIFTY 500
LTFOODS,NIFTY 500
LTIM,NIFTY 500
LT,NIFTY 500
LATENTVIEW,NIFTY 500
LAURUSLABS,NIFTY 500
THELEELA,NIFTY 500
LEMONTREE,NIFTY 500
LICI,NIFTY 500
LINDEINDIA,NIFTY 500
LLOYDSME,NIFTY 500
LODHA,NIFTY 500
LUPIN,NIFTY 500
MMTC,NIFTY 500
MRF,NIFTY 500
MGL,NIFTY 500
MAHSCOOTER,NIFTY 500
MAHSEAMLES,NIFTY 500
M&MFIN,NIFTY 500
M&M,NIFTY 500
MANAPPURAM,NIFTY 500
MRPL,NIFTY 500
MANKIND,NIFTY 500
MARICO,NIFTY 500
MARUTI,NIFTY 500
MFSL,NIFTY 500
MAXHEALTH,NIFTY 500
MAZDOCK,NIFTY 500
METROPOLIS,NIFTY 500
MINDACORP,NIFTY 500
MSUMI,NIFTY 500
MOTILALOFS,NIFTY 500
MPHASIS,NIFTY 500
MCX,NIFTY 500
MUTHOOTFIN,NIFTY 500
NATCOPHARM,NIFTY 500
NBCC,NIFTY 500
NCC,NIFTY 500
NHPC,NIFTY 500
NLCINDIA,NIFTY 500
NMDC,NIFTY 500
NSLNISP,NIFTY 500
NTPCGREEN,NIFTY 500
NTPC,NIFTY 500
NH,NIFTY 500
NATIONALUM,NIFTY 500
NAVA,NIFTY 500
NAVINFLUOR,NIFTY 500
NESTLEIND,NIFTY 500
NETWEB,NIFTY 500
NEULANDLAB,NIFTY 500
NEWGEN,NIFTY 500
NAM-INDIA,NIFTY 500
NIVABUPA,NIFTY 500
NUVAMA,NIFTY 500
NUVOCO,NIFTY 500
OBEROIRLTY,NIFTY 500
ONGC,NIFTY 500
OIL,NIFTY 500
OLAELEC,NIFTY 500
OLECTRA,NIFTY 500
PAYTM,NIFTY 500
ONESOURCE,NIFTY 500
OFSS,NIFTY 500
POLICYBZR,NIFTY 500
PCBL,NIFTY 500
PGEL,NIFTY 500
PIIND,NIFTY 500
PNBHOUSING,NIFTY 500
PTCIL,NIFTY 500
PVRINOX,NIFTY 500
PAGEIND,NIFTY 500
PATANJALI,NIFTY 500
PERSISTENT,NIFTY 500
PETRONET,NIFTY 500
PFIZER,NIFTY 500
PHOENIXLTD,NIFTY 500
PIDILITIND,NIFTY 500
PPLPHARMA,NIFTY 500
POLYMED,NIFTY 500
POLYCAB,NIFTY 500
POONAWALLA,NIFTY 500
PFC,NIFTY 500
POWERGRID,NIFTY 500
PRAJIND,NIFTY 500
PREMIERENE,NIFTY 500
PRESTIGE,NIFTY 500
PGHH,NIFTY 500
PNB,NIFTY 500
RRKABEL,NIFTY 500
RBLBANK,NIFTY 500
RECLTD,NIFTY 500
RHIM,NIFTY 500
RITES,NIFTY 500
RADICO,NIFTY 500
RVNL,NIFTY 500
RAILTEL,NIFTY 500
RAINBOW,NIFTY 500
RKFORGE,NIFTY 500
RCF,NIFTY 500
REDINGTON,NIFTY 500
RELIANCE,NIFTY 500
RELINFRA,NIFTY 500
RPOWER,NIFTY 500
SBFC,NIFTY 500
SBICARD,NIFTY 500
SBILIFE,NIFTY 500
SJVN,NIFTY 500
SKFINDUS,NIFTY 500
SKFINDIA,NIFTY 500
SRF,NIFTY 500
SAGILITY,NIFTY 500
SAILIFE,NIFTY 500
SAMMAANCAP,NIFTY 500
MOTHERSON,NIFTY 500
SAPPHIRE,NIFTY 500
SARDAEN,NIFTY 500
SAREGAMA,NIFTY 500
SCHAEFFLER,NIFTY 500
SCHNEIDER,NIFTY 500
SCI,NIFTY 500
SHREECEM,NIFTY 500
SHRIRAMFIN,NIFTY 500
SHYAMMETL,NIFTY 500
ENRIN,NIFTY 500
SIEMENS,NIFTY 500
SIGNATURE,NIFTY 500
SOBHA,NIFTY 500
SOLARINDS,NIFTY 500
SONACOMS,NIFTY 500
SONATSOFTW,NIFTY 500
STARHEALTH,NIFTY 500
SBIN,NIFTY 500
SAIL,NIFTY 500
SUMICHEM,NIFTY 500
SUNPHARMA,NIFTY 500
SUNTV,NIFTY 500
SUNDARMFIN,NIFTY 500
SUNDRMFAST,NIFTY 500
SUPREMEIND,NIFTY 500
SUZLON,NIFTY 500
SWANCORP,NIFTY 500
SWIGGY,NIFTY 500
SYNGENE,NIFTY 500
SYRMA,NIFTY 500
TBOTEK,NIFTY 500
TVSMOTOR,NIFTY 500
TATACHEM,NIFTY 500
TATACOMM,NIFTY 500
TCS,NIFTY 500
TATACONSUM,NIFTY 500
TATAELXSI,NIFTY 500
TATAINVEST,NIFTY 500
TMPV,NIFTY 500
TATAPOWER,NIFTY 500
TATASTEEL,NIFTY 500
TATATECH,NIFTY 500
TTML,NIFTY 500
TECHM,NIFTY 500
TECHNOE,NIFTY 500
TEJASNET,NIFTY 500
NIACL,NIFTY 500
RAMCOCEM,NIFTY 500
THERMAX,NIFTY 500
TIMKEN,NIFTY 500
TITAGARH,NIFTY 500
TITAN,NIFTY 500
TORNTPHARM,NIFTY 500
TORNTPOWER,NIFTY 500
TARIL,NIFTY 500
TRENT,NIFTY 500
TRIDENT,NIFTY 500
TRIVENI,NIFTY 500
TRITURBINE,NIFTY 500
TIINDIA,NIFTY 500
UCOBANK,NIFTY 500
UNOMINDA,NIFTY 500
UPL,NIFTY 500
UTIAMC,NIFTY 500
ULTRACEMCO,NIFTY 500
UNIONBANK,NIFTY 500
UBL,NIFTY 500
UNITDSPR,NIFTY 500
USHAMART,NIFTY 500
VGUARD,NIFTY 500
DBREALTY,NIFTY 500
VTL,NIFTY 500
VBL,NIFTY 500
MANYAVAR,NIFTY 500
VEDL,NIFTY 500
VENTIVE,NIFTY 500
VIJAYA,NIFTY 500
VMM,NIFTY 500
IDEA,NIFTY 500
VOLTAS,NIFTY 500
WAAREEENER,NIFTY 500
WELCORP,NIFTY 500
WELSPUNLIV,NIFTY 500
WHIRLPOOL,NIFTY 500
WIPRO,NIFTY 500
WOCKPHARMA,NIFTY 500
YESBANK,NIFTY 500
ZFCVINDIA,NIFTY 500
ZEEL,NIFTY 500
ZENTEC,NIFTY 500
ZENSARTECH,NIFTY 500
ZYDUSLIFE,NIFTY 500
ECLERX,NIFTY 500
APLAPOLLO,NIFTY MIDCAP 50
AUBANK,NIFTY MIDCAP 50
ASHOKLEY,NIFTY MIDCAP 50
AUROPHARMA,NIFTY MIDCAP 50
BSE,NIFTY MIDCAP 50
BHARATFORG,NIFTY MIDCAP 50
BHEL,NIFTY MIDCAP 50
COFORGE,NIFTY MIDCAP 50
COLPAL,NIFTY MIDCAP 50
CUMMINSIND,NIFTY MIDCAP 50
DABUR,NIFTY MIDCAP 50
DIXON,NIFTY MIDCAP 50
FEDERALBNK,NIFTY MIDCAP 50
FORTIS,NIFTY MIDCAP 50
GMRAIRPORT,NIFTY MIDCAP 50
GODREJPROP,NIFTY MIDCAP 50
HDFCAMC,NIFTY MIDCAP 50
HEROMOTOCO,NIFTY MIDCAP 50
HINDPETRO,NIFTY MIDCAP 50
IDFCFIRSTB,NIFTY MIDCAP 50
IRCTC,NIFTY MIDCAP 50
INDUSTOWER,NIFTY MIDCAP 50
INDUSINDBK,NIFTY MIDCAP 50
JUBLFOOD,NIFTY MIDCAP 50
LUPIN,NIFTY MIDCAP 50
MANKIND,NIFTY MIDCAP 50
MARICO,NIFTY MIDCAP 50
MFSL,NIFTY MIDCAP 50
MPHASIS,NIFTY MIDCAP 50
MUTHOOTFIN,NIFTY MIDCAP 50
NHPC,NIFTY MIDCAP 50
NMDC,NIFTY MIDCAP 50
OBEROIRLTY,NIFTY MIDCAP 50
OIL,NIFTY MIDCAP 50
PAYTM,NIFTY MIDCAP 50
OFSS,NIFTY MIDCAP 50
POLICYBZR,NIFTY MIDCAP 50
PIIND,NIFTY MIDCAP 50
PAGEIND,NIFTY MIDCAP 50
PERSISTENT,NIFTY MIDCAP 50
PHOENIXLTD,NIFTY MIDCAP 50
POLYCAB,NIFTY MIDCAP 50
PRESTIGE,NIFTY MIDCAP 50
SBICARD,NIFTY MIDCAP 50
SRF,NIFTY MIDCAP 50
SUPREMEIND,NIFTY MIDCAP 50
SUZLON,NIFTY MIDCAP 50
TIINDIA,NIFTY MIDCAP 50
UPL,NIFTY MIDCAP 50
YESBANK,NIFTY MIDCAP 50
360ONE,NIFTY MIDCAP 100
ACC,NIFTY MIDCAP 100
APLAPOLLO,NIFTY MIDCAP 100
AUBANK,NIFTY MIDCAP 100
ATGL,NIFTY MIDCAP 100
ABCAPITAL,NIFTY MIDCAP 100
ALKEM,NIFTY MIDCAP 100
ASHOKLEY,NIFTY MIDCAP 100
ASTRAL,NIFTY MIDCAP 100
AUROPHARMA,NIFTY MIDCAP 100
BSE,NIFTY MIDCAP 100
BANKINDIA,NIFTY MIDCAP 100
BDL,NIFTY MIDCAP 100
BHARATFORG,NIFTY MIDCAP 100
BHEL,NIFTY MIDCAP 100
BHARTIHEXA,NIFTY MIDCAP 100
BIOCON,NIFTY MIDCAP 100
BLUESTARCO,NIFTY MIDCAP 100
COCHINSHIP,NIFTY MIDCAP 100
COFORGE,NIFTY MIDCAP 100
COLPAL,NIFTY MIDCAP 100
CONCOR,NIFTY MIDCAP 100
COROMANDEL,NIFTY MIDCAP 100
CUMMINSIND,NIFTY MIDCAP 100
DABUR,NIFTY MIDCAP 100
DIXON,NIFTY MIDCAP 100
EXIDEIND,NIFTY MIDCAP 100
NYKAA,NIFTY MIDCAP 100
FEDERALBNK,NIFTY MIDCAP 100
FORTIS,NIFTY MIDCAP 100
GMRAIRPORT,NIFTY MIDCAP 100
GLENMARK,NIFTY MIDCAP 100
GODFRYPHLP,NIFTY MIDCAP 100
GODREJPROP,NIFTY MIDCAP 100
HDFCAMC,NIFTY MIDCAP 100
HEROMOTOCO,NIFTY MIDCAP 100
HINDPETRO,NIFTY MIDCAP 100
POWERINDIA,NIFTY MIDCAP 100
HUDCO,NIFTY MIDCAP 100
IDFCFIRSTB,NIFTY MIDCAP 100
IRB,NIFTY MIDCAP 100
ITCHOTELS,NIFTY MIDCAP 100
INDIANB,NIFTY MIDCAP 100
IRCTC,NIFTY MIDCAP 100
IREDA,NIFTY MIDCAP 100
IGL,NIFTY MIDCAP 100
INDUSTOWER,NIFTY MIDCAP 100
INDUSINDBK,NIFTY MIDCAP 100
JUBLFOOD,NIFTY MIDCAP 100
KEI,NIFTY MIDCAP 100
KPITTECH,NIFTY MIDCAP 100
KALYANKJIL,NIFTY MIDCAP 100
LTF,NIFTY MIDCAP 100
LICHSGFIN,NIFTY MIDCAP 100
LUPIN,NIFTY MIDCAP 100
MRF,NIFTY MIDCAP 100
M&MFIN,NIFTY MIDCAP 100
MANKIND,NIFTY MIDCAP 100
MARICO,NIFTY MIDCAP 100
MFSL,NIFTY MIDCAP 100
MOTILALOFS,NIFTY MIDCAP 100
MPHASIS,NIFTY MIDCAP 100
MUTHOOTFIN,NIFTY MIDCAP 100
NHPC,NIFTY MIDCAP 100
NMDC,NIFTY MIDCAP 100
NTPCGREEN,NIFTY MIDCAP 100
NATIONALUM,NIFTY MIDCAP 100
OBEROIRLTY,NIFTY MIDCAP 100
OIL,NIFTY MIDCAP 100
PAYTM,NIFTY MIDCAP 100
OFSS,NIFTY MIDCAP 100
POLICYBZR,NIFTY MIDCAP 100
PIIND,NIFTY MIDCAP 100
PAGEIND,NIFTY MIDCAP 100
PATANJALI,NIFTY MIDCAP 100
PERSISTENT,NIFTY MIDCAP 100
PHOENIXLTD,NIFTY MIDCAP 100
POLYCAB,NIFTY MIDCAP 100
PREMIERENE,NIFTY MIDCAP 100
PRESTIGE,NIFTY MIDCAP 100
RVNL,NIFTY MIDCAP 100
SBICARD,NIFTY MIDCAP 100
SRF,NIFTY MIDCAP 100
SONACOMS,NIFTY MIDCAP 100
SAIL,NIFTY MIDCAP 100
SUPREMEIND,NIFTY MIDCAP 100
SUZLON,NIFTY MIDCAP 100
SWIGGY,NIFTY MIDCAP 100
TATACOMM,NIFTY MIDCAP 100
TATAELXSI,NIFTY MIDCAP 100
TATATECH,NIFTY MIDCAP 100
TORNTPOWER,NIFTY MIDCAP 100
TIINDIA,NIFTY MIDCAP 100
UPL,NIFTY MIDCAP 100
UNIONBANK,NIFTY MIDCAP 100
VMM,NIFTY MIDCAP 100
IDEA,NIFTY MIDCAP 100
VOLTAS,NIFTY MIDCAP 100
WAAREEENER,NIFTY MIDCAP 100
YESBANK,NIFTY MIDCAP 100
360ONE,NIFTY MIDCAP 150
3MINDIA,NIFTY MIDCAP 150
ACC,NIFTY MIDCAP 150
AIAENG,NIFTY MIDCAP 150
APLAPOLLO,NIFTY MIDCAP 150
AUBANK,NIFTY MIDCAP 150
AWL,NIFTY MIDCAP 150
ABBOTINDIA,NIFTY MIDCAP 150
ATGL,NIFTY MIDCAP 150
ABCAPITAL,NIFTY MIDCAP 150
AJANTPHARM,NIFTY MIDCAP 150
ALKEM,NIFTY MIDCAP 150
APARINDS,NIFTY MIDCAP 150
APOLLOTYRE,NIFTY MIDCAP 150
ASHOKLEY,NIFTY MIDCAP 150
ASTRAL,NIFTY MIDCAP 150
AUROPHARMA,NIFTY MIDCAP 150
BSE,NIFTY MIDCAP 150
BALKRISIND,NIFTY MIDCAP 150
BANKINDIA,NIFTY MIDCAP 150
MAHABANK,NIFTY MIDCAP 150
BERGEPAINT,NIFTY MIDCAP 150
BDL,NIFTY MIDCAP 150
BHARATFORG,NIFTY MIDCAP 150
BHEL,NIFTY MIDCAP 150
BHARTIHEXA,NIFTY MIDCAP 150
BIOCON,NIFTY MIDCAP 150
BLUESTARCO,NIFTY MIDCAP 150
CRISIL,NIFTY MIDCAP 150
COCHINSHIP,NIFTY MIDCAP 150
COFORGE,NIFTY MIDCAP 150
COLPAL,NIFTY MIDCAP 150
CONCOR,NIFTY MIDCAP 150
COROMANDEL,NIFTY MIDCAP 150
CUMMINSIND,NIFTY MIDCAP 150
DABUR,NIFTY MIDCAP 150
DALBHARAT,NIFTY MIDCAP 150
DEEPAKNTR,NIFTY MIDCAP 150
DIXON,NIFTY MIDCAP 150
ENDURANCE,NIFTY MIDCAP 150
ESCORTS,NIFTY MIDCAP 150
EXIDEIND,NIFTY MIDCAP 150
NYKAA,NIFTY MIDCAP 150
FEDERALBNK,NIFTY MIDCAP 150
FACT,NIFTY MIDCAP 150
FORTIS,NIFTY MIDCAP 150
GVT&D,NIFTY MIDCAP 150
GMRAIRPORT,NIFTY MIDCAP 150
GICRE,NIFTY MIDCAP 150
GLAXO,NIFTY MIDCAP 150
GLENMARK,NIFTY MIDCAP 150
MEDANTA,NIFTY MIDCAP 150
GODFRYPHLP,NIFTY MIDCAP 150
GODREJIND,NIFTY MIDCAP 150
GODREJPROP,NIFTY MIDCAP 150
FLUOROCHEM,NIFTY MIDCAP 150
GUJGASLTD,NIFTY MIDCAP 150
HDFCAMC,NIFTY MIDCAP 150
HEROMOTOCO,NIFTY MIDCAP 150
HEXT,NIFTY MIDCAP 150
HINDPETRO,NIFTY MIDCAP 150
POWERINDIA,NIFTY MIDCAP 150
HONAUT,NIFTY MIDCAP 150
HUDCO,NIFTY MIDCAP 150
ICICIPRULI,NIFTY MIDCAP 150
IDBI,NIFTY MIDCAP 150
IDFCFIRSTB,NIFTY MIDCAP 150
IRB,NIFTY MIDCAP 150
ITCHOTELS,NIFTY MIDCAP 150
INDIANB,NIFTY MIDCAP 150
IOB,NIFTY MIDCAP 150
IRCTC,NIFTY MIDCAP 150
IREDA,NIFTY MIDCAP 150
IGL,NIFTY MIDCAP 150
INDUSTOWER,NIFTY MIDCAP 150
INDUSINDBK,NIFTY MIDCAP 150
IPCALAB,NIFTY MIDCAP 150
JKCEMENT,NIFTY MIDCAP 150
JSWINFRA,NIFTY MIDCAP 150
JSL,NIFTY MIDCAP 150
JUBLFOOD,NIFTY MIDCAP 150
KPRMILL,NIFTY MIDCAP 150
KEI,NIFTY MIDCAP 150
KPITTECH,NIFTY MIDCAP 150
KALYANKJIL,NIFTY MIDCAP 150
LTF,NIFTY MIDCAP 150
LTTS,NIFTY MIDCAP 150
LICHSGFIN,NIFTY MIDCAP 150
LINDEINDIA,NIFTY MIDCAP 150
LLOYDSME,NIFTY MIDCAP 150
LUPIN,NIFTY MIDCAP 150
MRF,NIFTY MIDCAP 150
M&MFIN,NIFTY MIDCAP 150
MANKIND,NIFTY MIDCAP 150
MARICO,NIFTY MIDCAP 150
MFSL,NIFTY MIDCAP 150
MOTILALOFS,NIFTY MIDCAP 150
MPHASIS,NIFTY MIDCAP 150
MUTHOOTFIN,NIFTY MIDCAP 150
NHPC,NIFTY MIDCAP 150
NLCINDIA,NIFTY MIDCAP 150
NMDC,NIFTY MIDCAP 150
NTPCGREEN,NIFTY MIDCAP 150
NATIONALUM,NIFTY MIDCAP 150
NAM-INDIA,NIFTY MIDCAP 150
OBEROIRLTY,NIFTY MIDCAP 150
OIL,NIFTY MIDCAP 150
PAYTM,NIFTY MIDCAP 150
OFSS,NIFTY MIDCAP 150
POLICYBZR,NIFTY MIDCAP 150
PIIND,NIFTY MIDCAP 150
PAGEIND,NIFTY MIDCAP 150
PATANJALI,NIFTY MIDCAP 150
PERSISTENT,NIFTY MIDCAP 150
PETRONET,NIFTY MIDCAP 150
PHOENIXLTD,NIFTY MIDCAP 150
POLYCAB,NIFTY MIDCAP 150
PREMIERENE,NIFTY MIDCAP 150
PRESTIGE,NIFTY MIDCAP 150
PGHH,NIFTY MIDCAP 150
RVNL,NIFTY MIDCAP 150
SBICARD,NIFTY MIDCAP 150
SJVN,NIFTY MIDCAP 150
SRF,NIFTY MIDCAP 150
SCHAEFFLER,NIFTY MIDCAP 150
SONACOMS,NIFTY MIDCAP 150
SAIL,NIFTY MIDCAP 150
SUNDARMFIN,NIFTY MIDCAP 150
SUPREMEIND,NIFTY MIDCAP 150
SUZLON,NIFTY MIDCAP 150
SWIGGY,NIFTY MIDCAP 150
SYNGENE,NIFTY MIDCAP 150
TATACOMM,NIFTY MIDCAP 150
TATAELXSI,NIFTY MIDCAP 150
TATAINVEST,NIFTY MIDCAP 150
TATATECH,NIFTY MIDCAP 150
NIACL,NIFTY MIDCAP 150
THERMAX,NIFTY MIDCAP 150
TORNTPOWER,NIFTY MIDCAP 150
TIINDIA,NIFTY MIDCAP 150
UCOBANK,NIFTY MIDCAP 150
UNOMINDA,NIFTY MIDCAP 150
UPL,NIFTY MIDCAP 150
UNIONBANK,NIFTY MIDCAP 150
UBL,NIFTY MIDCAP 150
VMM,NIFTY MIDCAP 150
IDEA,NIFTY MIDCAP 150
VOLTAS,NIFTY MIDCAP 150
WAAREEENER,NIFTY MIDCAP 150
YESBANK,NIFTY MIDCAP 150
AARTIIND,NIFTY SMALLCAP 50
ABREL,NIFTY SMALLCAP 50
AEGISLOG,NIFTY SMALLCAP 50
AFFLE,NIFTY SMALLCAP 50
ARE&M,NIFTY SMALLCAP 50
AMBER,NIFTY SMALLCAP 50
ANGELONE,NIFTY SMALLCAP 50
ASTERDM,NIFTY SMALLCAP 50
BANDHANBNK,NIFTY SMALLCAP 50
CESC,NIFTY SMALLCAP 50
CASTROLIND,NIFTY SMALLCAP 50
CDSL,NIFTY SMALLCAP 50
CHOLAHLDNG,NIFTY SMALLCAP 50
CAMS,NIFTY SMALLCAP 50
CROMPTON,NIFTY SMALLCAP 50
CYIENT,NIFTY SMALLCAP 50
DELHIVERY,NIFTY SMALLCAP 50
LALPATHLAB,NIFTY SMALLCAP 50
FSL,NIFTY SMALLCAP 50
FIVESTAR,NIFTY SMALLCAP 50
GLAND,NIFTY SMALLCAP 50
HSCL,NIFTY SMALLCAP 50
IIFL,NIFTY SMALLCAP 50
IEX,NIFTY SMALLCAP 50
INOXWIND,NIFTY SMALLCAP 50
JBCHEPHARM,NIFTY SMALLCAP 50
KARURVYSYA,NIFTY SMALLCAP 50
KAYNES,NIFTY SMALLCAP 50
KEC,NIFTY SMALLCAP 50
KFINTECH,NIFTY SMALLCAP 50
LAURUSLABS,NIFTY SMALLCAP 50
MANAPPURAM,NIFTY SMALLCAP 50
MCX,NIFTY SMALLCAP 50
NATCOPHARM,NIFTY SMALLCAP 50
NBCC,NIFTY SMALLCAP 50
NH,NIFTY SMALLCAP 50
NAVINFLUOR,NIFTY SMALLCAP 50
NEULANDLAB,NIFTY SMALLCAP 50
PGEL,NIFTY SMALLCAP 50
PNBHOUSING,NIFTY SMALLCAP 50
PPLPHARMA,NIFTY SMALLCAP 50
POONAWALLA,NIFTY SMALLCAP 50
RADICO,NIFTY SMALLCAP 50
REDINGTON,NIFTY SMALLCAP 50
RPOWER,NIFTY SMALLCAP 50
TATACHEM,NIFTY SMALLCAP 50
RAMCOCEM,NIFTY SMALLCAP 50
WELCORP,NIFTY SMALLCAP 50
WOCKPHARMA,NIFTY SMALLCAP 50
ZENSARTECH,NIFTY SMALLCAP 50
AADHARHFC,NIFTY SMALLCAP 100
AARTIIND,NIFTY SMALLCAP 100
ABREL,NIFTY SMALLCAP 100
AEGISLOG,NIFTY SMALLCAP 100
AEGISVOPAK,NIFTY SMALLCAP 100
AFCONS,NIFTY SMALLCAP 100
AFFLE,NIFTY SMALLCAP 100
ARE&M,NIFTY SMALLCAP 100
AMBER,NIFTY SMALLCAP 100
ANANDRATHI,NIFTY SMALLCAP 100
ANANTRAJ,NIFTY SMALLCAP 100
ANGELONE,NIFTY SMALLCAP 100
APTUS,NIFTY SMALLCAP 100
ASTERDM,NIFTY SMALLCAP 100
ATUL,NIFTY SMALLCAP 100
BEML,NIFTY SMALLCAP 100
BLS,NIFTY SMALLCAP 100
BANDHANBNK,NIFTY SMALLCAP 100
FIRSTCRY,NIFTY SMALLCAP 100
BRIGADE,NIFTY SMALLCAP 100
CESC,NIFTY SMALLCAP 100
CGCL,NIFTY SMALLCAP 100
CASTROLIND,NIFTY SMALLCAP 100
CDSL,NIFTY SMALLCAP 100
CHAMBLFERT,NIFTY SMALLCAP 100
CHOLAHLDNG,NIFTY SMALLCAP 100
CAMS,NIFTY SMALLCAP 100
CREDITACC,NIFTY SMALLCAP 100
CROMPTON,NIFTY SMALLCAP 100
CYIENT,NIFTY SMALLCAP 100
DATAPATTNS,NIFTY SMALLCAP 100
DEEPAKFERT,NIFTY SMALLCAP 100
DELHIVERY,NIFTY SMALLCAP 100
DEVYANI,NIFTY SMALLCAP 100
LALPATHLAB,NIFTY SMALLCAP 100
FSL,NIFTY SMALLCAP 100
FIVESTAR,NIFTY SMALLCAP 100
GRSE,NIFTY SMALLCAP 100
GILLETTE,NIFTY SMALLCAP 100
GLAND,NIFTY SMALLCAP 100
GODIGIT,NIFTY SMALLCAP 100
GESHIP,NIFTY SMALLCAP 100
HBLENGINE,NIFTY SMALLCAP 100
HSCL,NIFTY SMALLCAP 100
HINDCOPPER,NIFTY SMALLCAP 100
IFCI,NIFTY SMALLCAP 100
IIFL,NIFTY SMALLCAP 100
IRCON,NIFTY SMALLCAP 100
IEX,NIFTY SMALLCAP 100
INOXWIND,NIFTY SMALLCAP 100
IGIL,NIFTY SMALLCAP 100
IKS,NIFTY SMALLCAP 100
JBCHEPHARM,NIFTY SMALLCAP 100
JBMA,NIFTY SMALLCAP 100
JINDALSAW,NIFTY SMALLCAP 100
JWL,NIFTY SMALLCAP 100
JYOTICNC,NIFTY SMALLCAP 100
KAJARIACER,NIFTY SMALLCAP 100
KPIL,NIFTY SMALLCAP 100
KARURVYSYA,NIFTY SMALLCAP 100
KAYNES,NIFTY SMALLCAP 100
KEC,NIFTY SMALLCAP 100
KFINTECH,NIFTY SMALLCAP 100
LAURUSLABS,NIFTY SMALLCAP 100
MGL,NIFTY SMALLCAP 100
MANAPPURAM,NIFTY SMALLCAP 100
MRPL,NIFTY SMALLCAP 100
MCX,NIFTY SMALLCAP 100
NATCOPHARM,NIFTY SMALLCAP 100
NBCC,NIFTY SMALLCAP 100
NCC,NIFTY SMALLCAP 100
NH,NIFTY SMALLCAP 100
NAVINFLUOR,NIFTY SMALLCAP 100
NEULANDLAB,NIFTY SMALLCAP 100
NEWGEN,NIFTY SMALLCAP 100
NUVAMA,NIFTY SMALLCAP 100
OLAELEC,NIFTY SMALLCAP 100
PCBL,NIFTY SMALLCAP 100
PGEL,NIFTY SMALLCAP 100
PNBHOUSING,NIFTY SMALLCAP 100
PPLPHARMA,NIFTY SMALLCAP 100
POONAWALLA,NIFTY SMALLCAP 100
RADICO,NIFTY SMALLCAP 100
REDINGTON,NIFTY SMALLCAP 100
RPOWER,NIFTY SMALLCAP 100
SAGILITY,NIFTY SMALLCAP 100
SHYAMMETL,NIFTY SMALLCAP 100
SIGNATURE,NIFTY SMALLCAP 100
STARHEALTH,NIFTY SMALLCAP 100
SWANCORP,NIFTY SMALLCAP 100
TATACHEM,NIFTY SMALLCAP 100
TEJASNET,NIFTY SMALLCAP 100
RAMCOCEM,NIFTY SMALLCAP 100
TRIDENT,NIFTY SMALLCAP 100
TRITURBINE,NIFTY SMALLCAP 100
WELCORP,NIFTY SMALLCAP 100
WHIRLPOOL,NIFTY SMALLCAP 100
WOCKPHARMA,NIFTY SMALLCAP 100
ZENTEC,NIFTY SMALLCAP 100
ZENSARTECH,NIFTY SMALLCAP 100
ACMESOLAR,NIFTY SMALLCAP 250
AADHARHFC,NIFTY SMALLCAP 250
AARTIIND,NIFTY SMALLCAP 250
AAVAS,NIFTY SMALLCAP 250
ACE,NIFTY SMALLCAP 250
ABFRL,NIFTY SMALLCAP 250
ABLBL,NIFTY SMALLCAP 250
ABREL,NIFTY SMALLCAP 250
ABSLAMC,NIFTY SMALLCAP 250
AEGISLOG,NIFTY SMALLCAP 250
AEGISVOPAK,NIFTY SMALLCAP 250
AFCONS,NIFTY SMALLCAP 250
AFFLE,NIFTY SMALLCAP 250
AKUMS,NIFTY SMALLCAP 250
AKZOINDIA,NIFTY SMALLCAP 250
APLLTD,NIFTY SMALLCAP 250
ALKYLAMINE,NIFTY SMALLCAP 250
ALOKINDS,NIFTY SMALLCAP 250
ARE&M,NIFTY SMALLCAP 250
AMBER,NIFTY SMALLCAP 250
ANANDRATHI,NIFTY SMALLCAP 250
ANANTRAJ,NIFTY SMALLCAP 250
ANGELONE,NIFTY SMALLCAP 250
APTUS,NIFTY SMALLCAP 250
ASAHIINDIA,NIFTY SMALLCAP 250
ASTERDM,NIFTY SMALLCAP 250
ASTRAZEN,NIFTY SMALLCAP 250
ATHERENERG,NIFTY SMALLCAP 250
ATUL,NIFTY SMALLCAP 250
AIIL,NIFTY SMALLCAP 250
BASF,NIFTY SMALLCAP 250
BEML,NIFTY SMALLCAP 250
BLS,NIFTY SMALLCAP 250
BALRAMCHIN,NIFTY SMALLCAP 250
BANDHANBNK,NIFTY SMALLCAP 250
BATAINDIA,NIFTY SMALLCAP 250
BAYERCROP,NIFTY SMALLCAP 250
BIKAJI,NIFTY SMALLCAP 250
BSOFT,NIFTY SMALLCAP 250
BLUEDART,NIFTY SMALLCAP 250
BLUEJET,NIFTY SMALLCAP 250
BBTC,NIFTY SMALLCAP 250
FIRSTCRY,NIFTY SMALLCAP 250
BRIGADE,NIFTY SMALLCAP 250
MAPMYINDIA,NIFTY SMALLCAP 250
CCL,NIFTY SMALLCAP 250
CESC,NIFTY SMALLCAP 250
CAMPUS,NIFTY SMALLCAP 250
CANFINHOME,NIFTY SMALLCAP 250
CAPLIPOINT,NIFTY SMALLCAP 250
CGCL,NIFTY SMALLCAP 250
CARBORUNIV,NIFTY SMALLCAP 250
CASTROLIND,NIFTY SMALLCAP 250
CEATLTD,NIFTY SMALLCAP 250
CENTRALBK,NIFTY SMALLCAP 250
CDSL,NIFTY SMALLCAP 250
CENTURYPLY,NIFTY SMALLCAP 250
CERA,NIFTY SMALLCAP 250
CHALET,NIFTY SMALLCAP 250
CHAMBLFERT,NIFTY SMALLCAP 250
CHENNPETRO,NIFTY SMALLCAP 250
CHOICEIN,NIFTY SMALLCAP 250
CHOLAHLDNG,NIFTY SMALLCAP 250
CUB,NIFTY SMALLCAP 250
CLEAN,NIFTY SMALLCAP 250
COHANCE,NIFTY SMALLCAP 250
CAMS,NIFTY SMALLCAP 250
CONCORDBIO,NIFTY SMALLCAP 250
CRAFTSMAN,NIFTY SMALLCAP 250
CREDITACC,NIFTY SMALLCAP 250
CROMPTON,NIFTY SMALLCAP 250
CYIENT,NIFTY SMALLCAP 250
DCMSHRIRAM,NIFTY SMALLCAP 250
DOMS,NIFTY SMALLCAP 250
DATAPATTNS,NIFTY SMALLCAP 250
DEEPAKFERT,NIFTY SMALLCAP 250
DELHIVERY,NIFTY SMALLCAP 250
DEVYANI,NIFTY SMALLCAP 250
AGARWALEYE,NIFTY SMALLCAP 250
LALPATHLAB,NIFTY SMALLCAP 250
DUMMYSKFIN,NIFTY SMALLCAP 250
EIDPARRY,NIFTY SMALLCAP 250
EIHOTEL,NIFTY SMALLCAP 250
ELECON,NIFTY SMALLCAP 250
ELGIEQUIP,NIFTY SMALLCAP 250
EMAMILTD,NIFTY SMALLCAP 250
EMCURE,NIFTY SMALLCAP 250
ENGINERSIN,NIFTY SMALLCAP 250
ERIS,NIFTY SMALLCAP 250
FINCABLES,NIFTY SMALLCAP 250
FINPIPE,NIFTY SMALLCAP 250
FSL,NIFTY SMALLCAP 250
FIVESTAR,NIFTY SMALLCAP 250
FORCEMOT,NIFTY SMALLCAP 250
GRSE,NIFTY SMALLCAP 250
GILLETTE,NIFTY SMALLCAP 250
GLAND,NIFTY SMALLCAP 250
GODIGIT,NIFTY SMALLCAP 250
GPIL,NIFTY SMALLCAP 250
GODREJAGRO,NIFTY SMALLCAP 250
GRANULES,NIFTY SMALLCAP 250
GRAPHITE,NIFTY SMALLCAP 250
GRAVITA,NIFTY SMALLCAP 250
GESHIP,NIFTY SMALLCAP 250
GMDCLTD,NIFTY SMALLCAP 250
GSPL,NIFTY SMALLCAP 250
HEG,NIFTY SMALLCAP 250
HBLENGINE,NIFTY SMALLCAP 250
HFCL,NIFTY SMALLCAP 250
HAPPSTMNDS,NIFTY SMALLCAP 250
HSCL,NIFTY SMALLCAP 250
HINDCOPPER,NIFTY SMALLCAP 250
HOMEFIRST,NIFTY SMALLCAP 250
HONASA,NIFTY SMALLCAP 250
IFCI,NIFTY SMALLCAP 250
IIFL,NIFTY SMALLCAP 250
INOXINDIA,NIFTY SMALLCAP 250
IRCON,NIFTY SMALLCAP 250
ITI,NIFTY SMALLCAP 250
INDGN,NIFTY SMALLCAP 250
INDIACEM,NIFTY SMALLCAP 250
INDIAMART,NIFTY SMALLCAP 250
IEX,NIFTY SMALLCAP 250
INOXWIND,NIFTY SMALLCAP 250
INTELLECT,NIFTY SMALLCAP 250
IGIL,NIFTY SMALLCAP 250
IKS,NIFTY SMALLCAP 250
JBCHEPHARM,NIFTY SMALLCAP 250
JBMA,NIFTY SMALLCAP 250
JKTYRE,NIFTY SMALLCAP 250
JMFINANCIL,NIFTY SMALLCAP 250
JPPOWER,NIFTY SMALLCAP 250
J&KBANK,NIFTY SMALLCAP 250
JINDALSAW,NIFTY SMALLCAP 250
JUBLINGREA,NIFTY SMALLCAP 250
JUBLPHARMA,NIFTY SMALLCAP 250
JWL,NIFTY SMALLCAP 250
JYOTHYLAB,NIFTY SMALLCAP 250
JYOTICNC,NIFTY SMALLCAP 250
KSB,NIFTY SMALLCAP 250
KAJARIACER,NIFTY SMALLCAP 250
KPIL,NIFTY SMALLCAP 250
KARURVYSYA,NIFTY SMALLCAP 250
KAYNES,NIFTY SMALLCAP 250
KEC,NIFTY SMALLCAP 250
KFINTECH,NIFTY SMALLCAP 250
KIRLOSBROS,NIFTY SMALLCAP 250
KIRLOSENG,NIFTY SMALLCAP 250
KIMS,NIFTY SMALLCAP 250
LTFOODS,NIFTY SMALLCAP 250
LATENTVIEW,NIFTY SMALLCAP 250
LAURUSLABS,NIFTY SMALLCAP 250
THELEELA,NIFTY SMALLCAP 250
LEMONTREE,NIFTY SMALLCAP 250
MMTC,NIFTY SMALLCAP 250
MGL,NIFTY SMALLCAP 250
MAHSCOOTER,NIFTY SMALLCAP 250
MAHSEAMLES,NIFTY SMALLCAP 250
MANAPPURAM,NIFTY SMALLCAP 250
MRPL,NIFTY SMALLCAP 250
METROPOLIS,NIFTY SMALLCAP 250
MINDACORP,NIFTY SMALLCAP 250
MSUMI,NIFTY SMALLCAP 250
MCX,NIFTY SMALLCAP 250
NATCOPHARM,NIFTY SMALLCAP 250
NBCC,NIFTY SMALLCAP 250
NCC,NIFTY SMALLCAP 250
NSLNISP,NIFTY SMALLCAP 250
NH,NIFTY SMALLCAP 250
NAVA,NIFTY SMALLCAP 250
NAVINFLUOR,NIFTY SMALLCAP 250
NETWEB,NIFTY SMALLCAP 250
NEULANDLAB,NIFTY SMALLCAP 250
NEWGEN,NIFTY SMALLCAP 250
NIVABUPA,NIFTY SMALLCAP 250
NUVAMA,NIFTY SMALLCAP 250
NUVOCO,NIFTY SMALLCAP 250
OLAELEC,NIFTY SMALLCAP 250
OLECTRA,NIFTY SMALLCAP 250
ONESOURCE,NIFTY SMALLCAP 250
PCBL,NIFTY SMALLCAP 250
PGEL,NIFTY SMALLCAP 250
PNBHOUSING,NIFTY SMALLCAP 250
PTCIL,NIFTY SMALLCAP 250
PVRINOX,NIFTY SMALLCAP 250
PFIZER,NIFTY SMALLCAP 250
PPLPHARMA,NIFTY SMALLCAP 250
POLYMED,NIFTY SMALLCAP 250
POONAWALLA,NIFTY SMALLCAP 250
PRAJIND,NIFTY SMALLCAP 250
RRKABEL,NIFTY SMALLCAP 250
RBLBANK,NIFTY SMALLCAP 250
RHIM,NIFTY SMALLCAP 250
RITES,NIFTY SMALLCAP 250
RADICO,NIFTY SMALLCAP 250
RAILTEL,NIFTY SMALLCAP 250
RAINBOW,NIFTY SMALLCAP 250
RKFORGE,NIFTY SMALLCAP 250
RCF,NIFTY SMALLCAP 250
REDINGTON,NIFTY SMALLCAP 250
RELINFRA,NIFTY SMALLCAP 250
RPOWER,NIFTY SMALLCAP 250
SBFC,NIFTY SMALLCAP 250
SKFINDIA,NIFTY SMALLCAP 250
SAGILITY,NIFTY SMALLCAP 250
SAILIFE,NIFTY SMALLCAP 250
SAMMAANCAP,NIFTY SMALLCAP 250
SAPPHIRE,NIFTY SMALLCAP 250
SARDAEN,NIFTY SMALLCAP 250
SAREGAMA,NIFTY SMALLCAP 250
SCHNEIDER,NIFTY SMALLCAP 250
SCI,NIFTY SMALLCAP 250
SHYAMMETL,NIFTY SMALLCAP 250
SIGNATURE,NIFTY SMALLCAP 250
SOBHA,NIFTY SMALLCAP 250
SONATSOFTW,NIFTY SMALLCAP 250
STARHEALTH,NIFTY SMALLCAP 250
SUMICHEM,NIFTY SMALLCAP 250
SUNTV,NIFTY SMALLCAP 250
SUNDRMFAST,NIFTY SMALLCAP 250
SWANCORP,NIFTY SMALLCAP 250
SYRMA,NIFTY SMALLCAP 250
TBOTEK,NIFTY SMALLCAP 250
TATACHEM,NIFTY SMALLCAP 250
TTML,NIFTY SMALLCAP 250
TECHNOE,NIFTY SMALLCAP 250
TEJASNET,NIFTY SMALLCAP 250
RAMCOCEM,NIFTY SMALLCAP 250
TIMKEN,NIFTY SMALLCAP 250
TITAGARH,NIFTY SMALLCAP 250
TARIL,NIFTY SMALLCAP 250
TRIDENT,NIFTY SMALLCAP 250
TRIVENI,NIFTY SMALLCAP 250
TRITURBINE,NIFTY SMALLCAP 250
UTIAMC,NIFTY SMALLCAP 250
USHAMART,NIFTY SMALLCAP 250
VGUARD,NIFTY SMALLCAP 250
DBREALTY,NIFTY SMALLCAP 250
VTL,NIFTY SMALLCAP 250
MANYAVAR,NIFTY SMALLCAP 250
VENTIVE,NIFTY SMALLCAP 250
VIJAYA,NIFTY SMALLCAP 250
WELCORP,NIFTY SMALLCAP 250
WELSPUNLIV,NIFTY SMALLCAP 250
WHIRLPOOL,NIFTY SMALLCAP 250
WOCKPHARMA,NIFTY SMALLCAP 250
ZFCVINDIA,NIFTY SMALLCAP 250
ZEEL,NIFTY SMALLCAP 250
ZENTEC,NIFTY SMALLCAP 250
ZENSARTECH,NIFTY SMALLCAP 250
ECLERX,NIFTY SMALLCAP 250
360ONE,NIFTY MIDSMALLCAP 400
3MINDIA,NIFTY MIDSMALLCAP 400
ACC,NIFTY MIDSMALLCAP 400
ACMESOLAR,NIFTY MIDSMALLCAP 400
AIAENG,NIFTY MIDSMALLCAP 400
APLAPOLLO,NIFTY MIDSMALLCAP 400
AUBANK,NIFTY MIDSMALLCAP 400
AWL,NIFTY MIDSMALLCAP 400
AADHARHFC,NIFTY MIDSMALLCAP 400
AARTIIND,NIFTY MIDSMALLCAP 400
AAVAS,NIFTY MIDSMALLCAP 400
ABBOTINDIA,NIFTY MIDSMALLCAP 400
ACE,NIFTY MIDSMALLCAP 400
ATGL,NIFTY MIDSMALLCAP 400
ABCAPITAL,NIFTY MIDSMALLCAP 400
ABFRL,NIFTY MIDSMALLCAP 400
ABLBL,NIFTY MIDSMALLCAP 400
ABREL,NIFTY MIDSMALLCAP 400
ABSLAMC,NIFTY MIDSMALLCAP 400
AEGISLOG,NIFTY MIDSMALLCAP 400
AEGISVOPAK,NIFTY MIDSMALLCAP 400
AFCONS,NIFTY MIDSMALLCAP 400
AFFLE,NIFTY MIDSMALLCAP 400
AJANTPHARM,NIFTY MIDSMALLCAP 400
AKUMS,NIFTY MIDSMALLCAP 400
AKZOINDIA,NIFTY MIDSMALLCAP 400
APLLTD,NIFTY MIDSMALLCAP 400
ALKEM,NIFTY MIDSMALLCAP 400
ALKYLAMINE,NIFTY MIDSMALLCAP 400
ALOKINDS,NIFTY MIDSMALLCAP 400
ARE&M,NIFTY MIDSMALLCAP 400
AMBER,NIFTY MIDSMALLCAP 400
ANANDRATHI,NIFTY MIDSMALLCAP 400
ANANTRAJ,NIFTY MIDSMALLCAP 400
ANGELONE,NIFTY MIDSMALLCAP 400
APARINDS,NIFTY MIDSMALLCAP 400
APOLLOTYRE,NIFTY MIDSMALLCAP 400
APTUS,NIFTY MIDSMALLCAP 400
ASAHIINDIA,NIFTY MIDSMALLCAP 400
ASHOKLEY,NIFTY MIDSMALLCAP 400
ASTERDM,NIFTY MIDSMALLCAP 400
ASTRAZEN,NIFTY MIDSMALLCAP 400
ASTRAL,NIFTY MIDSMALLCAP 400
ATHERENERG,NIFTY MIDSMALLCAP 400
ATUL,NIFTY MIDSMALLCAP 400
AUROPHARMA,NIFTY MIDSMALLCAP 400
AIIL,NIFTY MIDSMALLCAP 400
BASF,NIFTY MIDSMALLCAP 400
BEML,NIFTY MIDSMALLCAP 400
BLS,NIFTY MIDSMALLCAP 400
BSE,NIFTY MIDSMALLCAP 400
BALKRISIND,NIFTY MIDSMALLCAP 400
BALRAMCHIN,NIFTY MIDSMALLCAP 400
BANDHANBNK,NIFTY MIDSMALLCAP 400
BANKINDIA,NIFTY MIDSMALLCAP 400
MAHABANK,NIFTY MIDSMALLCAP 400
BATAINDIA,NIFTY MIDSMALLCAP 400
BAYERCROP,NIFTY MIDSMALLCAP 400
BERGEPAINT,NIFTY MIDSMALLCAP 400
BDL,NIFTY MIDSMALLCAP 400
BHARATFORG,NIFTY MIDSMALLCAP 400
BHEL,NIFTY MIDSMALLCAP 400
BHARTIHEXA,NIFTY MIDSMALLCAP 400
BIKAJI,NIFTY MIDSMALLCAP 400
BIOCON,NIFTY MIDSMALLCAP 400
BSOFT,NIFTY MIDSMALLCAP 400
BLUEDART,NIFTY MIDSMALLCAP 400
BLUEJET,NIFTY MIDSMALLCAP 400
BLUESTARCO,NIFTY MIDSMALLCAP 400
BBTC,NIFTY MIDSMALLCAP 400
FIRSTCRY,NIFTY MIDSMALLCAP 400
BRIGADE,NIFTY MIDSMALLCAP 400
MAPMYINDIA,NIFTY MIDSMALLCAP 400
CCL,NIFTY MIDSMALLCAP 400
CESC,NIFTY MIDSMALLCAP 400
CRISIL,NIFTY MIDSMALLCAP 400
CAMPUS,NIFTY MIDSMALLCAP 400
CANFINHOME,NIFTY MIDSMALLCAP 400
CAPLIPOINT,NIFTY MIDSMALLCAP 400
CGCL,NIFTY MIDSMALLCAP 400
CARBORUNIV,NIFTY MIDSMALLCAP 400
CASTROLIND,NIFTY MIDSMALLCAP 400
CEATLTD,NIFTY MIDSMALLCAP 400
CENTRALBK,NIFTY MIDSMALLCAP 400
CDSL,NIFTY MIDSMALLCAP 400
CENTURYPLY,NIFTY MIDSMALLCAP 400
CERA,NIFTY MIDSMALLCAP 400
CHALET,NIFTY MIDSMALLCAP 400
CHAMBLFERT,NIFTY MIDSMALLCAP 400
CHENNPETRO,NIFTY MIDSMALLCAP 400
CHOICEIN,NIFTY MIDSMALLCAP 400
CHOLAHLDNG,NIFTY MIDSMALLCAP 400
CUB,NIFTY MIDSMALLCAP 400
CLEAN,NIFTY MIDSMALLCAP 400
COCHINSHIP,NIFTY MIDSMALLCAP 400
COFORGE,NIFTY MIDSMALLCAP 400
COHANCE,NIFTY MIDSMALLCAP 400
COLPAL,NIFTY MIDSMALLCAP 400
CAMS,NIFTY MIDSMALLCAP 400
CONCORDBIO,NIFTY MIDSMALLCAP 400
CONCOR,NIFTY MIDSMALLCAP 400
COROMANDEL,NIFTY MIDSMALLCAP 400
CRAFTSMAN,NIFTY MIDSMALLCAP 400
CREDITACC,NIFTY MIDSMALLCAP 400
CROMPTON,NIFTY MIDSMALLCAP 400
CUMMINSIND,NIFTY MIDSMALLCAP 400
CYIENT,NIFTY MIDSMALLCAP 400
DCMSHRIRAM,NIFTY MIDSMALLCAP 400
DOMS,NIFTY MIDSMALLCAP 400
DABUR,NIFTY MIDSMALLCAP 400
DALBHARAT,NIFTY MIDSMALLCAP 400
DATAPATTNS,NIFTY MIDSMALLCAP 400
DEEPAKFERT,NIFTY MIDSMALLCAP 400
DEEPAKNTR,NIFTY MIDSMALLCAP 400
DELHIVERY,NIFTY MIDSMALLCAP 400
DEVYANI,NIFTY MIDSMALLCAP 400
DIXON,NIFTY MIDSMALLCAP 400
AGARWALEYE,NIFTY MIDSMALLCAP 400
LALPATHLAB,NIFTY MIDSMALLCAP 400
EIDPARRY,NIFTY MIDSMALLCAP 400
EIHOTEL,NIFTY MIDSMALLCAP 400
ELECON,NIFTY MIDSMALLCAP 400
ELGIEQUIP,NIFTY MIDSMALLCAP 400
EMAMILTD,NIFTY MIDSMALLCAP 400
EMCURE,NIFTY MIDSMALLCAP 400
ENDURANCE,NIFTY MIDSMALLCAP 400
ENGINERSIN,NIFTY MIDSMALLCAP 400
ERIS,NIFTY MIDSMALLCAP 400
ESCORTS,NIFTY MIDSMALLCAP 400
EXIDEIND,NIFTY MIDSMALLCAP 400
NYKAA,NIFTY MIDSMALLCAP 400
FEDERALBNK,NIFTY MIDSMALLCAP 400
FACT,NIFTY MIDSMALLCAP 400
FINCABLES,NIFTY MIDSMALLCAP 400
FINPIPE,NIFTY MIDSMALLCAP 400
FSL,NIFTY MIDSMALLCAP 400
FIVESTAR,NIFTY MIDSMALLCAP 400
FORCEMOT,NIFTY MIDSMALLCAP 400
FORTIS,NIFTY MIDSMALLCAP 400
GVT&D,NIFTY MIDSMALLCAP 400
GMRAIRPORT,NIFTY MIDSMALLCAP 400
GRSE,NIFTY MIDSMALLCAP 400
GICRE,NIFTY MIDSMALLCAP 400
GILLETTE,NIFTY MIDSMALLCAP 400
GLAND,NIFTY MIDSMALLCAP 400
GLAXO,NIFTY MIDSMALLCAP 400
GLENMARK,NIFTY MIDSMALLCAP 400
MEDANTA,NIFTY MIDSMALLCAP 400
GODIGIT,NIFTY MIDSMALLCAP 400
GPIL,NIFTY MIDSMALLCAP 400
GODFRYPHLP,NIFTY MIDSMALLCAP 400
GODREJAGRO,NIFTY MIDSMALLCAP 400
GODREJIND,NIFTY MIDSMALLCAP 400
GODREJPROP,NIFTY MIDSMALLCAP 400
GRANULES,NIFTY MIDSMALLCAP 400
GRAPHITE,NIFTY MIDSMALLCAP 400
GRAVITA,NIFTY MIDSMALLCAP 400
GESHIP,NIFTY MIDSMALLCAP 400
FLUOROCHEM,NIFTY MIDSMALLCAP 400
GUJGASLTD,NIFTY MIDSMALLCAP 400
GMDCLTD,NIFTY MIDSMALLCAP 400
GSPL,NIFTY MIDSMALLCAP 400
HEG,NIFTY MIDSMALLCAP 400
HBLENGINE,NIFTY MIDSMALLCAP 400
HDFCAMC,NIFTY MIDSMALLCAP 400
HFCL,NIFTY MIDSMALLCAP 400
HAPPSTMNDS,NIFTY MIDSMALLCAP 400
HEROMOTOCO,NIFTY MIDSMALLCAP 400
HEXT,NIFTY MIDSMALLCAP 400
HSCL,NIFTY MIDSMALLCAP 400
HINDCOPPER,NIFTY MIDSMALLCAP 400
HINDPETRO,NIFTY MIDSMALLCAP 400
POWERINDIA,NIFTY MIDSMALLCAP 400
HOMEFIRST,NIFTY MIDSMALLCAP 400
HONASA,NIFTY MIDSMALLCAP 400
HONAUT,NIFTY MIDSMALLCAP 400
HUDCO,NIFTY MIDSMALLCAP 400
ICICIPRULI,NIFTY MIDSMALLCAP 400
IDBI,NIFTY MIDSMALLCAP 400
IDFCFIRSTB,NIFTY MIDSMALLCAP 400
IFCI,NIFTY MIDSMALLCAP 400
IIFL,NIFTY MIDSMALLCAP 400
INOXINDIA,NIFTY MIDSMALLCAP 400
IRB,NIFTY MIDSMALLCAP 400
IRCON,NIFTY MIDSMALLCAP 400
ITCHOTELS,NIFTY MIDSMALLCAP 400
ITI,NIFTY MIDSMALLCAP 400
INDGN,NIFTY MIDSMALLCAP 400
INDIACEM,NIFTY MIDSMALLCAP 400
INDIAMART,NIFTY MIDSMALLCAP 400
INDIANB,NIFTY MIDSMALLCAP 400
IEX,NIFTY MIDSMALLCAP 400
IOB,NIFTY MIDSMALLCAP 400
IRCTC,NIFTY MIDSMALLCAP 400
IREDA,NIFTY MIDSMALLCAP 400
IGL,NIFTY MIDSMALLCAP 400
INDUSTOWER,NIFTY MIDSMALLCAP 400
INDUSINDBK,NIFTY MIDSMALLCAP 400
INOXWIND,NIFTY MIDSMALLCAP 400
INTELLECT,NIFTY MIDSMALLCAP 400
IGIL,NIFTY MIDSMALLCAP 400
IKS,NIFTY MIDSMALLCAP 400
IPCALAB,NIFTY MIDSMALLCAP 400
JBCHEPHARM,NIFTY MIDSMALLCAP 400
JKCEMENT,NIFTY MIDSMALLCAP 400
JBMA,NIFTY MIDSMALLCAP 400
JKTYRE,NIFTY MIDSMALLCAP 400
JMFINANCIL,NIFTY MIDSMALLCAP 400
JSWINFRA,NIFTY MIDSMALLCAP 400
JPPOWER,NIFTY MIDSMALLCAP 400
J&KBANK,NIFTY MIDSMALLCAP 400
JINDALSAW,NIFTY MIDSMALLCAP 400
JSL,NIFTY MIDSMALLCAP 400
JUBLFOOD,NIFTY MIDSMALLCAP 400
JUBLINGREA,NIFTY MIDSMALLCAP 400
JUBLPHARMA,NIFTY MIDSMALLCAP 400
JWL,NIFTY MIDSMALLCAP 400
JYOTHYLAB,NIFTY MIDSMALLCAP 400
JYOTICNC,NIFTY MIDSMALLCAP 400
KPRMILL,NIFTY MIDSMALLCAP 400
KEI,NIFTY MIDSMALLCAP 400
KPITTECH,NIFTY MIDSMALLCAP 400
KSB,NIFTY MIDSMALLCAP 400
KAJARIACER,NIFTY MIDSMALLCAP 400
KPIL,NIFTY MIDSMALLCAP 400
KALYANKJIL,NIFTY MIDSMALLCAP 400
KARURVYSYA,NIFTY MIDSMALLCAP 400
KAYNES,NIFTY MIDSMALLCAP 400
KEC,NIFTY MIDSMALLCAP 400
KFINTECH,NIFTY MIDSMALLCAP 400
KIRLOSBROS,NIFTY MIDSMALLCAP 400
KIRLOSENG,NIFTY MIDSMALLCAP 400
KIMS,NIFTY MIDSMALLCAP 400
LTF,NIFTY MIDSMALLCAP 400
LTTS,NIFTY MIDSMALLCAP 400
LICHSGFIN,NIFTY MIDSMALLCAP 400
LTFOODS,NIFTY MIDSMALLCAP 400
LATENTVIEW,NIFTY MIDSMALLCAP 400
LAURUSLABS,NIFTY MIDSMALLCAP 400
THELEELA,NIFTY MIDSMALLCAP 400
LEMONTREE,NIFTY MIDSMALLCAP 400
LINDEINDIA,NIFTY MIDSMALLCAP 400
LLOYDSME,NIFTY MIDSMALLCAP 400
LUPIN,NIFTY MIDSMALLCAP 400
MMTC,NIFTY MIDSMALLCAP 400
MRF,NIFTY MIDSMALLCAP 400
MGL,NIFTY MIDSMALLCAP 400
MAHSCOOTER,NIFTY MIDSMALLCAP 400
MAHSEAMLES,NIFTY MIDSMALLCAP 400
M&MFIN,NIFTY MIDSMALLCAP 400
MANAPPURAM,NIFTY MIDSMALLCAP 400
MRPL,NIFTY MIDSMALLCAP 400
MANKIND,NIFTY MIDSMALLCAP 400
MARICO,NIFTY MIDSMALLCAP 400
MFSL,NIFTY MIDSMALLCAP 400
METROPOLIS,NIFTY MIDSMALLCAP 400
MINDACORP,NIFTY MIDSMALLCAP 400
MSUMI,NIFTY MIDSMALLCAP 400
MOTILALOFS,NIFTY MIDSMALLCAP 400
MPHASIS,NIFTY MIDSMALLCAP 400
MCX,NIFTY MIDSMALLCAP 400
MUTHOOTFIN,NIFTY MIDSMALLCAP 400
NATCOPHARM,NIFTY MIDSMALLCAP 400
NBCC,NIFTY MIDSMALLCAP 400
NCC,NIFTY MIDSMALLCAP 400
NHPC,NIFTY MIDSMALLCAP 400
NLCINDIA,NIFTY MIDSMALLCAP 400
NMDC,NIFTY MIDSMALLCAP 400
NSLNISP,NIFTY MIDSMALLCAP 400
NTPCGREEN,NIFTY MIDSMALLCAP 400
NH,NIFTY MIDSMALLCAP 400
NATIONALUM,NIFTY MIDSMALLCAP 400
NAVA,NIFTY MIDSMALLCAP 400
NAVINFLUOR,NIFTY MIDSMALLCAP 400
NETWEB,NIFTY MIDSMALLCAP 400
NEULANDLAB,NIFTY MIDSMALLCAP 400
NEWGEN,NIFTY MIDSMALLCAP 400
NAM-INDIA,NIFTY MIDSMALLCAP 400
NIVABUPA,NIFTY MIDSMALLCAP 400
NUVAMA,NIFTY MIDSMALLCAP 400
NUVOCO,NIFTY MIDSMALLCAP 400
OBEROIRLTY,NIFTY MIDSMALLCAP 400
OIL,NIFTY MIDSMALLCAP 400
OLAELEC,NIFTY MIDSMALLCAP 400
OLECTRA,NIFTY MIDSMALLCAP 400
PAYTM,NIFTY MIDSMALLCAP 400
ONESOURCE,NIFTY MIDSMALLCAP 400
OFSS,NIFTY MIDSMALLCAP 400
POLICYBZR,NIFTY MIDSMALLCAP 400
PCBL,NIFTY MIDSMALLCAP 400
PGEL,NIFTY MIDSMALLCAP 400
PIIND,NIFTY MIDSMALLCAP 400
PNBHOUSING,NIFTY MIDSMALLCAP 400
PTCIL,NIFTY MIDSMALLCAP 400
PVRINOX,NIFTY MIDSMALLCAP 400
PAGEIND,NIFTY MIDSMALLCAP 400
PATANJALI,NIFTY MIDSMALLCAP 400
PERSISTENT,NIFTY MIDSMALLCAP 400
PETRONET,NIFTY MIDSMALLCAP 400
PFIZER,NIFTY MIDSMALLCAP 400
PHOENIXLTD,NIFTY MIDSMALLCAP 400
PPLPHARMA,NIFTY MIDSMALLCAP 400
POLYMED,NIFTY MIDSMALLCAP 400
POLYCAB,NIFTY MIDSMALLCAP 400
POONAWALLA,NIFTY MIDSMALLCAP 400
PRAJIND,NIFTY MIDSMALLCAP 400
PREMIERENE,NIFTY MIDSMALLCAP 400
PRESTIGE,NIFTY MIDSMALLCAP 400
PGHH,NIFTY MIDSMALLCAP 400
RRKABEL,NIFTY MIDSMALLCAP 400
RBLBANK,NIFTY MIDSMALLCAP 400
RHIM,NIFTY MIDSMALLCAP 400
RITES,NIFTY MIDSMALLCAP 400
RADICO,NIFTY MIDSMALLCAP 400
RVNL,NIFTY MIDSMALLCAP 400
RAILTEL,NIFTY MIDSMALLCAP 400
RAINBOW,NIFTY MIDSMALLCAP 400
RKFORGE,NIFTY MIDSMALLCAP 400
RCF,NIFTY MIDSMALLCAP 400
REDINGTON,NIFTY MIDSMALLCAP 400
RELINFRA,NIFTY MIDSMALLCAP 400
RPOWER,NIFTY MIDSMALLCAP 400
SBFC,NIFTY MIDSMALLCAP 400
SBICARD,NIFTY MIDSMALLCAP 400
SJVN,NIFTY MIDSMALLCAP 400
SKFINDUS,NIFTY MIDSMALLCAP 400
SKFINDIA,NIFTY MIDSMALLCAP 400
SRF,NIFTY MIDSMALLCAP 400
SAGILITY,NIFTY MIDSMALLCAP 400
SAILIFE,NIFTY MIDSMALLCAP 400
SAMMAANCAP,NIFTY MIDSMALLCAP 400
SAPPHIRE,NIFTY MIDSMALLCAP 400
SARDAEN,NIFTY MIDSMALLCAP 400
SAREGAMA,NIFTY MIDSMALLCAP 400
SCHAEFFLER,NIFTY MIDSMALLCAP 400
SCHNEIDER,NIFTY MIDSMALLCAP 400
SCI,NIFTY MIDSMALLCAP 400
SHYAMMETL,NIFTY MIDSMALLCAP 400
SIGNATURE,NIFTY MIDSMALLCAP 400
SOBHA,NIFTY MIDSMALLCAP 400
SONACOMS,NIFTY MIDSMALLCAP 400
SONATSOFTW,NIFTY MIDSMALLCAP 400
STARHEALTH,NIFTY MIDSMALLCAP 400
SAIL,NIFTY MIDSMALLCAP 400
SUMICHEM,NIFTY MIDSMALLCAP 400
SUNTV,NIFTY MIDSMALLCAP 400
SUNDARMFIN,NIFTY MIDSMALLCAP 400
SUNDRMFAST,NIFTY MIDSMALLCAP 400
SUPREMEIND,NIFTY MIDSMALLCAP 400
SUZLON,NIFTY MIDSMALLCAP 400
SWANCORP,NIFTY MIDSMALLCAP 400
SWIGGY,NIFTY MIDSMALLCAP 400
SYNGENE,NIFTY MIDSMALLCAP 400
SYRMA,NIFTY MIDSMALLCAP 400
TBOTEK,NIFTY MIDSMALLCAP 400
TATACHEM,NIFTY MIDSMALLCAP 400
TATACOMM,NIFTY MIDSMALLCAP 400
TATAELXSI,NIFTY MIDSMALLCAP 400
TATAINVEST,NIFTY MIDSMALLCAP 400
TATATECH,NIFTY MIDSMALLCAP 400
TTML,NIFTY MIDSMALLCAP 400
TECHNOE,NIFTY MIDSMALLCAP 400
TEJASNET,NIFTY MIDSMALLCAP 400
NIACL,NIFTY MIDSMALLCAP 400
RAMCOCEM,NIFTY MIDSMALLCAP 400
THERMAX,NIFTY MIDSMALLCAP 400
TIMKEN,NIFTY MIDSMALLCAP 400
TITAGARH,NIFTY MIDSMALLCAP 400
TORNTPOWER,NIFTY MIDSMALLCAP 400
TARIL,NIFTY MIDSMALLCAP 400
TRIDENT,NIFTY MIDSMALLCAP 400
TRIVENI,NIFTY MIDSMALLCAP 400
TRITURBINE,NIFTY MIDSMALLCAP 400
TIINDIA,NIFTY MIDSMALLCAP 400
UCOBANK,NIFTY MIDSMALLCAP 400
UNOMINDA,NIFTY MIDSMALLCAP 400
UPL,NIFTY MIDSMALLCAP 400
UTIAMC,NIFTY MIDSMALLCAP 400
UNIONBANK,NIFTY MIDSMALLCAP 400
UBL,NIFTY MIDSMALLCAP 400
USHAMART,NIFTY MIDSMALLCAP 400
VGUARD,NIFTY MIDSMALLCAP 400
DBREALTY,NIFTY MIDSMALLCAP 400
VTL,NIFTY MIDSMALLCAP 400
MANYAVAR,NIFTY MIDSMALLCAP 400
VENTIVE,NIFTY MIDSMALLCAP 400
VIJAYA,NIFTY MIDSMALLCAP 400
VMM,NIFTY MIDSMALLCAP 400
IDEA,NIFTY MIDSMALLCAP 400
VOLTAS,NIFTY MIDSMALLCAP 400
WAAREEENER,NIFTY MIDSMALLCAP 400
WELCORP,NIFTY MIDSMALLCAP 400
WELSPUNLIV,NIFTY MIDSMALLCAP 400
WHIRLPOOL,NIFTY MIDSMALLCAP 400
WOCKPHARMA,NIFTY MIDSMALLCAP 400
YESBANK,NIFTY MIDSMALLCAP 400
ZFCVINDIA,NIFTY MIDSMALLCAP 400
ZEEL,NIFTY MIDSMALLCAP 400
ZENTEC,NIFTY MIDSMALLCAP 400
ZENSARTECH,NIFTY MIDSMALLCAP 400
ECLERX,NIFTY MIDSMALLCAP 400
AUBANK,NIFTY BANK
AXISBANK,NIFTY BANK
BANKBARODA,NIFTY BANK
CANBK,NIFTY BANK
FEDERALBNK,NIFTY BANK
HDFCBANK,NIFTY BANK
ICICIBANK,NIFTY BANK
IDFCFIRSTB,NIFTY BANK
INDUSINDBK,NIFTY BANK
KOTAKBANK,NIFTY BANK
PNB,NIFTY BANK
SBIN,NIFTY BANK
BANKBARODA,NIFTY PSU BANK
BANKINDIA,NIFTY PSU BANK
MAHABANK,NIFTY PSU BANK
CANBK,NIFTY PSU BANK
CENTRALBK,NIFTY PSU BANK
INDIANB,NIFTY PSU BANK
IOB,NIFTY PSU BANK
PSB,NIFTY PSU BANK
PNB,NIFTY PSU BANK
SBIN,NIFTY PSU BANK
UCOBANK,NIFTY PSU BANK
UNIONBANK,NIFTY PSU BANK
COFORGE,NIFTY IT
HCLTECH,NIFTY IT
INFY,NIFTY IT
LTIM,NIFTY IT
MPHASIS,NIFTY IT
OFSS,NIFTY IT
PERSISTENT,NIFTY IT
TCS,NIFTY IT
TECHM,NIFTY IT
WIPRO,NIFTY IT
ABBOTINDIA,NIFTY PHARMA
AJANTPHARM,NIFTY PHARMA
ALKEM,NIFTY PHARMA
AUROPHARMA,NIFTY PHARMA
BIOCON,NIFTY PHARMA
CIPLA,NIFTY PHARMA
DIVISLAB,NIFTY PHARMA
DRREDDY,NIFTY PHARMA
GLAND,NIFTY PHARMA
GLENMARK,NIFTY PHARMA
IPCALAB,NIFTY PHARMA
JBCHEPHARM,NIFTY PHARMA
LAURUSLABS,NIFTY PHARMA
LUPIN,NIFTY PHARMA
MANKIND,NIFTY PHARMA
PPLPHARMA,NIFTY PHARMA
SUNPHARMA,NIFTY PHARMA
TORNTPHARM,NIFTY PHARMA
WOCKPHARMA,NIFTY PHARMA
ZYDUSLIFE,NIFTY PHARMA
BRITANNIA,NIFTY FMCG
COLPAL,NIFTY FMCG
DABUR,NIFTY FMCG
DUMMYHDLVR,NIFTY FMCG
EMAMILTD,NIFTY FMCG
GODREJCP,NIFTY FMCG
HINDUNILVR,NIFTY FMCG
ITC,NIFTY FMCG
MARICO,NIFTY FMCG
NESTLEIND,NIFTY FMCG
PATANJALI,NIFTY FMCG
RADICO,NIFTY FMCG
TATACONSUM,NIFTY FMCG
UBL,NIFTY FMCG
UNITDSPR,NIFTY FMCG
VBL,NIFTY FMCG
ASHOKLEY,NIFTY AUTO
BAJAJ-AUTO,NIFTY AUTO
BHARATFORG,NIFTY AUTO
BOSCHLTD,NIFTY AUTO
EICHERMOT,NIFTY AUTO
EXIDEIND,NIFTY AUTO
HEROMOTOCO,NIFTY AUTO
M&M,NIFTY AUTO
MARUTI,NIFTY AUTO
MOTHERSON,NIFTY AUTO
SONACOMS,NIFTY AUTO
TVSMOTOR,NIFTY AUTO
TMPV,NIFTY AUTO
TIINDIA,NIFTY AUTO
UNOMINDA,NIFTY AUTO
APLAPOLLO,NIFTY METAL
ADANIENT,NIFTY METAL
HINDALCO,NIFTY METAL
HINDCOPPER,NIFTY METAL
HINDZINC,NIFTY METAL
JSWSTEEL,NIFTY METAL
JSL,NIFTY METAL
JINDALSTEL,NIFTY METAL
LLOYDSME,NIFTY METAL
NMDC,NIFTY METAL
NATIONALUM,NIFTY METAL
SAIL,NIFTY METAL
TATASTEEL,NIFTY METAL
VEDL,NIFTY METAL
WELCORP,NIFTY METAL
ABB,NIFTY ENERGY
ADANIENSOL,NIFTY ENERGY
ADANIGREEN,NIFTY ENERGY
ADANIPOWER,NIFTY ENERGY
ATGL,NIFTY ENERGY
AEGISLOG,NIFTY ENERGY
BHEL,NIFTY ENERGY
BPCL,NIFTY ENERGY
CESC,NIFTY ENERGY
CGPOWER,NIFTY ENERGY
CASTROLIND,NIFTY ENERGY
COALINDIA,NIFTY ENERGY
GAIL,NIFTY ENERGY
GVT&D,NIFTY ENERGY
GUJGASLTD,NIFTY ENERGY
GSPL,NIFTY ENERGY
HINDPETRO,NIFTY ENERGY
POWERINDIA,NIFTY ENERGY
IOC,NIFTY ENERGY
IGL,NIFTY ENERGY
INOXWIND,NIFTY ENERGY
JSWENERGY,NIFTY ENERGY
JPPOWER,NIFTY ENERGY
MGL,NIFTY ENERGY
NHPC,NIFTY ENERGY
NLCINDIA,NIFTY ENERGY
NTPC,NIFTY ENERGY
ONGC,NIFTY ENERGY
OIL,NIFTY ENERGY
PETRONET,NIFTY ENERGY
POWERGRID,NIFTY ENERGY
RELIANCE,NIFTY ENERGY
RPOWER,NIFTY ENERGY
SJVN,NIFTY ENERGY
ENRIN,NIFTY ENERGY
SIEMENS,NIFTY ENERGY
SUZLON,NIFTY ENERGY
TATAPOWER,NIFTY ENERGY
THERMAX,NIFTY ENERGY
TORNTPOWER,NIFTY ENERGY
ANANTRAJ,NIFTY REALTY
BRIGADE,NIFTY REALTY
DLF,NIFTY REALTY
GODREJPROP,NIFTY REALTY
LODHA,NIFTY REALTY
OBEROIRLTY,NIFTY REALTY
PHOENIXLTD,NIFTY REALTY
PRESTIGE,NIFTY REALTY
SIGNATURE,NIFTY REALTY
SOBHA,NIFTY REALTY
APLAPOLLO,NIFTY COMMODITIES
ADANIENSOL,NIFTY COMMODITIES
ADANIGREEN,NIFTY COMMODITIES
ADANIPOWER,NIFTY COMMODITIES
AMBUJACEM,NIFTY COMMODITIES
BPCL,NIFTY COMMODITIES
COALINDIA,NIFTY COMMODITIES
GRASIM,NIFTY COMMODITIES
HINDALCO,NIFTY COMMODITIES
HINDPETRO,NIFTY COMMODITIES
IOC,NIFTY COMMODITIES
JSWENERGY,NIFTY COMMODITIES
JSWSTEEL,NIFTY COMMODITIES
JINDALSTEL,NIFTY COMMODITIES
NHPC,NIFTY COMMODITIES
NMDC,NIFTY COMMODITIES
NTPC,NIFTY COMMODITIES
ONGC,NIFTY COMMODITIES
OIL,NIFTY COMMODITIES
PIIND,NIFTY COMMODITIES
PIDILITIND,NIFTY COMMODITIES
RELIANCE,NIFTY COMMODITIES
SRF,NIFTY COMMODITIES
SHREECEM,NIFTY COMMODITIES
TATAPOWER,NIFTY COMMODITIES
TATASTEEL,NIFTY COMMODITIES
TORNTPOWER,NIFTY COMMODITIES
UPL,NIFTY COMMODITIES
ULTRACEMCO,NIFTY COMMODITIES
VEDL,NIFTY COMMODITIES
DBCORP,NIFTY MEDIA
HATHWAY,NIFTY MEDIA
NAZARA,NIFTY MEDIA
NETWORK18,NIFTY MEDIA
PVRINOX,NIFTY MEDIA
PFOCUS,NIFTY MEDIA
SAREGAMA,NIFTY MEDIA
SUNTV,NIFTY MEDIA
TIPSMUSIC,NIFTY MEDIA
ZEEL,NIFTY MEDIA
ABBOTINDIA,NIFTY HEALTHCARE
ALKEM,NIFTY HEALTHCARE
APOLLOHOSP,NIFTY HEALTHCARE
AUROPHARMA,NIFTY HEALTHCARE
BIOCON,NIFTY HEALTHCARE
CIPLA,NIFTY HEALTHCARE
DIVISLAB,NIFTY HEALTHCARE
DRREDDY,NIFTY HEALTHCARE
FORTIS,NIFTY HEALTHCARE
GLENMARK,NIFTY HEALTHCARE
IPCALAB,NIFTY HEALTHCARE
LAURUSLABS,NIFTY HEALTHCARE
LUPIN,NIFTY HEALTHCARE
MANKIND,NIFTY HEALTHCARE
MAXHEALTH,NIFTY HEALTHCARE
PPLPHARMA,NIFTY HEALTHCARE
SUNPHARMA,NIFTY HEALTHCARE
SYNGENE,NIFTY HEALTHCARE
TORNTPHARM,NIFTY HEALTHCARE
ZYDUSLIFE,NIFTY HEALTHCARE
ADANIPOWER,NIFTY CONSUMPTION
APOLLOHOSP,NIFTY CONSUMPTION
ASIANPAINT,NIFTY CONSUMPTION
DMART,NIFTY CONSUMPTION
BAJAJ-AUTO,NIFTY CONSUMPTION
BHARTIARTL,NIFTY CONSUMPTION
BRITANNIA,NIFTY CONSUMPTION
DLF,NIFTY CONSUMPTION
DIXON,NIFTY CONSUMPTION
DUMMYHDLVR,NIFTY CONSUMPTION
EICHERMOT,NIFTY CONSUMPTION
ETERNAL,NIFTY CONSUMPTION
GODREJCP,NIFTY CONSUMPTION
HAVELLS,NIFTY CONSUMPTION
HEROMOTOCO,NIFTY CONSUMPTION
HINDUNILVR,NIFTY CONSUMPTION
ITC,NIFTY CONSUMPTION
INDHOTEL,NIFTY CONSUMPTION
NAUKRI,NIFTY CONSUMPTION
INDIGO,NIFTY CONSUMPTION
M&M,NIFTY CONSUMPTION
MARUTI,NIFTY CONSUMPTION
MAXHEALTH,NIFTY CONSUMPTION
NESTLEIND,NIFTY CONSUMPTION
TVSMOTOR,NIFTY CONSUMPTION
TATACONSUM,NIFTY CONSUMPTION
TATAPOWER,NIFTY CONSUMPTION
TITAN,NIFTY CONSUMPTION
TRENT,NIFTY CONSUMPTION
UNITDSPR,NIFTY CONSUMPTION
VBL,NIFTY CONSUMPTION
